OBJECT_NAME,OBJECT_ID,EPOCH,MEAN_MOTION,ECCENTRICITY,INCLINATION,RA_OF_ASC_NODE,ARG_OF_PERICENTER,MEAN_ANOMALY,EPHEMERIS_TYPE,CLASSIFICATION_TYPE,NORAD_CAT_ID,ELEMENT_SET_NO,REV_AT_EPOCH,BSTAR,MEAN_MOTION_DOT,MEAN_MOTION_DDOT
TDRS 3,1988-091B,2024-09-23T04:32:42.535680,1.00270969,.0035597,13.0878,345.2334,334.2491,62.4204,0,U,19548,999,11905,0,-.307E-5,0
FLTSATCOM 8 (USA 46),1989-077A,2024-09-22T14:55:52.817376,1.00263309,.0004499,12.6050,354.9494,185.1751,171.3833,0,U,20253,999,25427,0,-.376E-5,0
SKYNET 4C,1990-079A,2024-09-16T23:46:42.672288,1.00272123,.0003588,13.5464,354.1522,193.5870,198.6982,0,U,20776,999,12449,0,.124E-5,0
TDRS 5,1991-054B,2024-09-21T01:25:00.028704,1.00266473,.0006671,14.1506,358.4001,229.8539,91.0706,0,U,21639,999,12135,0,-.308E-5,0
TDRS 6,1993-003B,2024-09-23T03:50:25.333152,1.00274912,.0011634,14.1668,1.6875,175.3249,197.2634,0,U,22314,999,11604,0,-.304E-5,0
UFO 2 (USA 95),1993-056A,2024-09-22T23:02:55.482432,1.00273197,.0004103,11.6863,6.8626,188.9684,180.8591,0,U,22787,999,11221,0,.116E-5,0
USA 99 (MILSTAR-1 1),1994-009A,2024-09-23T08:46:47.451072,1.00271570,.0002745,16.6628,34.4160,172.1276,197.8897,0,U,22988,999,2662,0,-.208E-5,0
UFO 4 (USA 108),1995-003A,2024-09-23T13:22:29.957952,1.00270775,.0005377,9.6943,15.1629,171.5282,189.1409,0,U,23467,999,10861,0,-.32E-6,0
TDRS 7,1995-035B,2024-09-22T16:39:12.629088,1.00267226,.0024461,13.6417,352.5389,77.1869,266.8270,0,U,23613,999,10690,0,-.208E-5,0
USA 115 (MILSTAR-1 2),1995-060A,2024-09-23T08:28:42.542688,1.00270331,.000258,13.8385,8.3220,220.8724,140.6771,0,U,23712,999,2655,0,-.29E-6,0
INMARSAT 3-F1,1996-020A,2024-09-23T14:06:42.597792,1.00000326,.0008549,9.2723,52.0927,136.0569,211.8612,0,U,23839,999,10393,0,.21E-6,0
INMARSAT 3-F2,1996-053A,2024-09-22T22:55:42.690144,0.99976144,.0006977,8.4096,60.0425,109.3050,246.5121,0,U,24307,999,10259,0,.6E-7,0
INMARSAT 3-F3,1996-070A,2024-09-23T07:18:20.382048,1.00001073,.0007433,8.9376,55.3729,141.6182,236.0162,0,U,24674,999,10159,0,-.287E-5,0
GALAXY 25 (G-25),1997-026A,2024-09-23T13:02:10.179168,0.99087647,.0005673,5.7872,75.0032,44.2546,161.6310,0,U,24812,999,9996,0,.13E-6,0
AMC-3,1997-050A,2024-09-23T10:47:09.811968,1.00270117,.0002846,6.5876,71.1038,122.0327,259.4392,0,U,24936,999,4610,0,-.272E-5,0
USA 134,1997-065A,2024-09-23T10:12:20.667744,1.00274207,.0002485,12.0270,26.1838,198.7415,178.8102,0,U,25019,999,2662,0,-.73E-6,0
INMARSAT 3-F5,1998-006B,2024-09-23T11:03:59.427936,1.00268850,.0004928,8.2665,59.2042,136.0601,279.5354,0,U,25153,999,9756,0,-.3E-5,0
ASTRA 2A,1998-050A,2024-09-23T12:54:54.804384,1.00272712,.0003099,5.4928,76.3059,112.2942,65.1947,0,U,25462,999,4000,0,.56E-6,0
SKYNET 4E,1999-009B,2024-09-23T00:37:22.861056,1.00272532,.0003034,11.6889,12.5402,184.9924,172.9604,0,U,25639,999,4504,0,-.44E-6,0
ABS-6,1999-053A,2024-09-23T12:12:42.735744,1.00271141,.0001647,0.0039,183.8126,334.3242,186.8966,0,U,25924,999,9150,0,-.132E-5,0
UFO 10 (USA 146),1999-063A,2024-09-23T04:24:42.624288,1.00271595,.0005652,9.5456,30.2001,182.7976,192.9577,0,U,25967,999,9101,0,-.196E-5,0
GALAXY 11 (G-11),1999-071A,2024-09-23T13:25:14.858400,1.00271820,.0000964,5.1180,78.0025,197.2257,95.2592,0,U,26038,999,9074,0,-.67E-6,0
USA 148,2000-001A,2024-09-23T14:30:33.240096,1.00273901,.0002591,10.8698,37.0314,203.7706,159.9417,0,U,26052,999,2663,0,.26E-6,0
ASIASTAR,2000-016A,2024-09-23T12:03:42.551712,1.00269039,.0004898,7.6380,64.5810,131.9644,92.2169,0,U,26107,999,8958,0,-.344E-5,0
USA 149 (DSP 20),2000-024A,2024-09-19T07:58:40.854720,1.00289883,.0001301,12.6880,16.1706,245.8984,52.0120,0,U,26356,999,2653,0,.95E-6,0
TDRS 8,2000-034A,2024-09-23T12:38:42.719712,1.00277709,.0005662,11.6838,36.4095,194.4126,154.2675,0,U,26388,999,8884,0,.86E-6,0
INTELSAT 9 (IS-9),2000-043A,2024-09-23T12:54:09.764928,1.00422168,.0005021,8.9973,54.8091,141.5478,51.4505,0,U,26451,999,8851,0,.65E-6,0
NSS-11,2000-059A,2024-09-23T13:42:50.033952,1.00271887,.0003061,0.4839,88.2904,103.1280,193.1928,0,U,26554,999,3495,0,.13E-6,0
USA 153,2000-065A,2024-09-23T07:24:45.491040,1.00273458,.000211,10.5251,40.2901,207.5794,0.4432,0,U,26575,999,2659,0,-.334E-5,0
AMC-6,2000-067A,2024-09-23T07:33:04.184928,1.00272484,.0002225,0.0573,76.9007,100.7636,159.2461,0,U,26580,999,8755,0,.93E-6,0
INTELSAT 1R (IS-1R),2000-072A,2024-09-23T13:48:12.558240,0.98968417,.0006082,6.4930,71.6003,123.5815,258.2496,0,U,26608,999,3498,0,.49E-6,0
ANIK F1,2000-076A,2024-09-23T10:15:00.708192,1.00272089,.0007941,3.5529,82.4870,79.2024,245.6332,0,U,26624,999,3680,0,-.74E-6,0
USA 157 (MILSTAR-2 2),2001-009A,2024-09-18T22:12:26.718336,1.00269950,.0002502,10.8469,23.3528,159.2290,24.6290,0,U,26715,999,2657,0,.8E-7,0
INTELSAT 10 (IS-10),2001-019A,2024-09-23T12:57:24.933024,1.00270629,.0002787,7.5578,65.6582,129.7169,67.9628,0,U,26766,999,3928,0,-.18E-6,0
INTELSAT 901 (IS-901),2001-024A,2024-09-23T09:33:42.680160,1.00272718,.0001059,0.0175,121.6624,142.9833,214.0343,0,U,26824,999,1665,0,-.214E-5,0
USA 159 (DSP 21),2001-033A,2024-09-23T04:57:42.776640,1.00277923,.0002081,12.1870,20.6613,226.7611,140.3724,0,U,26880,999,2663,0,-.307E-5,0
INTELSAT 902 (IS-902),2001-039A,2024-09-23T10:41:17.901312,1.00270388,.0004934,4.5077,79.4399,119.3308,274.2605,0,U,26900,999,8436,0,-.294E-5,0
USA 164 (MILSTAR-2 3),2002-001A,2024-09-23T12:43:39.222048,1.00288265,.0096701,10.4281,25.3569,1.1844,185.2055,0,U,27168,999,2662,0,.86E-6,0
INTELSAT 904 (IS-904),2002-007A,2024-09-23T09:04:10.851168,1.00271208,.0003035,5.3256,76.6759,118.4141,274.1749,0,U,27380,999,4543,0,-.225E-5,0
DIRECTV 5 (TEMPO 1),2002-023A,2024-09-23T13:50:05.153856,1.00271573,.0003246,3.2513,83.1837,105.0780,272.0568,0,U,27426,999,8179,0,-.68E-6,0
INTELSAT 905 (IS-905),2002-027A,2024-09-23T09:05:33.421920,1.00271338,.0002695,5.1516,77.3235,115.7937,281.5010,0,U,27438,999,4503,0,-.196E-5,0
GALAXY 3C (G-3C),2002-030A,2024-09-23T13:54:27.881568,1.00271475,.0003366,2.1052,85.6798,62.2651,328.7339,0,U,27445,999,4016,0,-.164E-5,0
INTELSAT 906 (IS-906),2002-041A,2024-09-23T14:39:52.726752,1.00272766,.0003395,4.1847,80.6682,135.4344,70.9732,0,U,27513,999,8069,0,.2E-7,0
TDRS 10,2002-055A,2024-09-23T12:58:42.835584,1.00268978,.0002115,9.7430,44.6496,340.6620,1.1336,0,U,27566,999,7989,0,.76E-6,0
NIMIQ 2,2002-062A,2024-09-23T11:56:03.490368,1.00272165,.0006192,7.9606,63.2519,130.0512,239.3480,0,U,27632,999,3785,0,-.78E-6,0
USA 167,2003-008A,2024-09-23T11:45:24.503616,1.00272049,.0001574,9.6938,48.7188,216.7180,152.1331,0,U,27691,999,44,0,-.6E-7,0
USA 169 (MILSTAR-2 4),2003-012A,2024-09-23T13:12:43.750368,1.00271156,.0095932,11.3817,34.6573,4.3251,314.2450,0,U,27711,999,2661,0,-.206E-5,0
ASIASAT 4,2003-014A,2024-09-23T13:06:28.234368,1.00272325,.000309,3.0768,83.6838,111.4860,151.9001,0,U,27718,999,3896,0,-.233E-5,0
HELLAS-SAT 2,2003-020A,2024-09-23T07:26:43.317312,1.00272355,.0007679,5.7665,75.3399,130.2627,258.7733,0,U,27811,999,3651,0,-.93E-6,0
THURAYA-2,2003-026A,2024-09-23T12:51:09.609696,1.00273933,.0001903,7.8627,33.9748,127.5102,78.1970,0,U,27825,999,7801,0,.115E-5,0
OPTUS C1,2003-028B,2024-09-23T11:44:42.672192,1.00271686,.0005831,5.2924,76.9856,112.5589,145.2166,0,U,27831,999,4672,0,-.162E-5,0
GALAXY 23 (G-23),2003-034A,2024-09-23T13:46:57.493056,1.00272983,.0002701,1.5562,87.6811,99.4110,261.6940,0,U,27854,999,7741,0,0,0
USA 170,2003-040A,2024-09-23T14:28:22.133280,1.00271858,.000153,9.1476,53.5880,143.2094,47.2875,0,U,27875,999,2665,0,.117E-5,0
GALAXY 13 (HORIZONS-1),2003-044A,2024-09-23T07:23:45.531168,1.00272895,.0002089,0.0278,137.6136,24.5159,161.3872,0,U,27954,999,4023,0,.121E-5,0
YAMAL 202,2003-053A,2024-09-23T13:24:37.542240,1.00271315,.0005557,4.7359,78.5504,115.1372,173.9009,0,U,28089,999,7636,0,-.91E-6,0
UFO 11 (USA 174),2003-057A,2024-09-23T09:34:04.896192,1.00271145,.0003836,8.2205,36.4226,149.9730,35.0105,0,U,28117,999,7611,0,-.11E-5,0
USA 176 (DSP 22),2004-004A,2024-09-23T07:54:37.256832,1.00273007,.000092,11.1956,30.3941,239.3023,299.0086,0,U,28158,999,2659,0,-.23E-5,0
ABS-4 (MOBISAT-1),2004-007A,2024-09-23T14:39:00.182592,1.00271032,.0005651,4.4296,79.6376,124.1475,79.8787,0,U,28184,999,4600,0,.28E-6,0
EUTELSAT 7A,2004-008A,2024-09-23T13:41:42.222048,1.00271068,.0004366,4.2151,79.4582,149.5979,200.0779,0,U,28187,999,7501,0,.92E-6,0
AMC-11,2004-017A,2024-09-23T13:49:50.140992,1.00271524,.0002608,0.0272,39.7218,181.1018,238.4317,0,U,28252,999,7454,0,-.61E-6,0
INTELSAT 10-02,2004-022A,2024-09-23T13:13:17.264928,1.00271879,.0000956,0.0168,216.8905,21.9081,321.4092,0,U,28358,999,7422,0,-.23E-6,0
ANIK F2,2004-027A,2024-09-23T13:49:50.140992,1.00271742,.0002037,1.6539,87.5622,75.7000,296.0070,0,U,28378,999,3493,0,-.61E-6,0
AMC-15,2004-041A,2024-09-23T15:13:01.455168,1.00271437,.0002406,0.0056,127.8908,61.9723,296.3002,0,U,28446,999,7298,0,-.101E-5,0
NSS-10,2005-003A,2024-09-23T08:34:42.690720,1.00271143,.0002712,4.8620,78.0148,109.8944,266.0270,0,U,28526,999,4682,0,-.262E-5,0
XTAR-EUR,2005-005A,2024-09-23T03:34:08.795424,1.00272721,.0003854,2.6978,84.5718,119.4686,240.9933,0,U,28542,999,7185,0,.14E-5,0
XM-3 (RHYTHM),2005-008A,2024-09-23T13:57:13.023072,1.00270298,.0004571,0.0156,213.4914,11.0281,262.5527,0,U,28626,999,3629,0,-.217E-5,0
INMARSAT 4-F1,2005-009A,2024-09-23T05:06:42.704928,1.00271194,.0002843,4.3825,41.4325,177.0762,38.8299,0,U,28628,999,7133,0,.23E-6,0
DIRECTV 8,2005-019A,2024-09-23T13:47:27.518784,1.00272618,.0003177,0.0191,251.4138,314.1944,245.1276,0,U,28659,999,7073,0,-.11E-6,0
GALAXY 28 (G-28),2005-022A,2024-09-23T13:56:05.466048,1.00271414,.0005122,1.6608,86.7376,153.0565,243.1555,0,U,28702,999,4565,0,-.197E-5,0
THAICOM 4,2005-028A,2024-09-22T17:43:43.419072,1.00271670,.000297,0.0171,186.6143,33.1518,167.7584,0,U,28786,999,4590,0,-.373E-5,0
GALAXY 14 (G-14),2005-030A,2024-09-23T14:19:51.693312,0.99694535,.0002196,3.3804,82.6099,139.7345,349.4445,0,U,28790,999,6997,0,-.157E-5,0
ANIK F1R,2005-036A,2024-09-23T13:50:50.193312,1.00271807,.0002758,2.6826,84.3890,70.5298,308.4046,0,U,28868,999,4012,0,-.86E-6,0
SYRACUSE 3A,2005-041B,2024-09-23T12:51:47.141856,1.00274187,.0002839,3.0209,83.6744,117.7857,40.5801,0,U,28885,999,6941,0,.119E-5,0
INMARSAT 4-F2,2005-044A,2024-09-23T13:24:42.435072,1.00271118,.000266,4.2990,42.8009,170.7448,134.0260,0,U,28899,999,6918,0,-.271E-5,0
SPACEWAY 2,2005-046B,2024-09-23T13:41:49.727616,1.00270894,.0001107,3.8460,78.8784,63.7909,286.9635,0,U,28903,999,4500,0,.91E-6,0
METEOSAT-9 (MSG-2),2005-049B,2024-09-23T12:51:39.636288,1.00272055,.000206,7.9104,60.0081,190.5581,350.8902,0,U,28912,999,67,0,.115E-5,0
EUTELSAT 174A,2005-052A,2024-09-23T13:39:12.066624,1.00269816,.0006209,2.6079,84.2872,102.9676,194.4649,0,U,28924,999,4599,0,-.2E-7,0
ECHOSTAR 10,2006-003A,2024-09-23T13:50:05.153856,1.00270648,.0001445,0.0110,139.9338,45.3319,274.9372,0,U,28935,999,6814,0,-.67E-6,0
SPAINSAT,2006-007A,2024-09-23T01:50:11.664096,1.00270692,.000606,0.0193,213.8305,353.9777,152.1701,0,U,28945,999,6788,0,-.227E-5,0
EUTELSAT HOTBIRD 13E,2006-007B,2024-09-23T14:25:14.471616,1.00271762,.0005029,0.4561,98.5541,90.3170,43.1600,0,U,28946,999,6799,0,.74E-6,0
JCSAT-5A,2006-010A,2024-09-23T13:16:25.915008,1.00270901,.0001809,0.0219,245.2666,348.8758,99.9161,0,U,29045,999,6743,0,-.34E-5,0
ASTRA 1KR,2006-012A,2024-09-23T05:52:09.122592,1.00269578,.000524,0.0316,288.8131,280.9514,260.0426,0,U,29055,999,3938,0,.108E-5,0
EWS-G1 (GOES 13),2006-018A,2024-09-23T10:53:52.948320,0.98887778,.0065671,2.8785,84.0745,255.8400,332.3445,0,U,29155,999,3700,0,-.281E-5,0
GALAXY 16 (G-16),2006-023A,2024-09-23T12:06:21.861216,1.00271241,.0002592,0.0229,223.3241,320.5297,261.5747,0,U,29236,999,6663,0,-.139E-5,0
EUTELSAT HOTBIRD 13B,2006-032A,2024-09-23T14:30:59.768352,1.00271585,.0004089,0.0380,45.7663,154.3894,53.6068,0,U,29270,999,4097,0,.143E-5,0
JCSAT-3A,2006-033A,2024-09-23T09:49:13.177056,1.00273001,.0001984,0.0295,262.9979,285.0286,90.0417,0,U,29272,999,4140,0,-.357E-5,0
SYRACUSE 3B,2006-033B,2024-09-23T14:20:06.706176,1.00271399,.0004337,1.2725,88.1556,115.8472,8.7449,0,U,29273,999,6637,0,-.56E-6,0
KOREASAT 5 (MUGUNGWHA 5),2006-034A,2024-09-23T13:10:55.631136,1.00271187,.0002456,0.1415,96.9397,137.5136,79.2250,0,U,29349,999,3498,0,-.37E-5,0
DIRECTV 9S,2006-043A,2024-09-23T13:52:35.284224,1.00271620,.0003025,0.7810,88.4316,99.1779,282.2597,0,U,29494,999,4505,0,-.125E-5,0
OPTUS D1,2006-043B,2024-09-23T13:12:01.288224,1.00271872,.0003727,1.3953,87.5220,98.1285,167.2607,0,U,29495,999,6578,0,-.195E-5,0
BADR-4,2006-051A,2024-09-23T14:28:59.664576,1.00273879,.0004792,0.3662,84.8368,154.5486,7.0280,0,U,29526,999,4493,0,.133E-5,0
WILDBLUE-1,2006-054A,2024-09-23T13:49:42.636288,1.00271445,.0001867,1.1629,88.7945,103.3528,267.0172,0,U,29643,999,4746,0,-.61E-6,0
SKYNET 5A,2007-007B,2024-09-23T12:11:42.465696,1.00270621,.0003653,3.6793,81.3173,114.4821,85.2009,0,U,30794,999,6436,0,-.283E-5,0
ANIK F3,2007-009A,2024-09-23T13:47:35.025216,1.00270500,.000184,0.0175,205.5308,332.7410,272.8223,0,U,31102,999,4022,0,-.13E-6,0
ASTRA 1L,2007-016A,2024-09-22T13:46:42.640896,1.00274669,.0004227,0.0542,340.3847,254.6967,352.7514,0,U,31306,999,3864,0,.11E-5,0
GALAXY 17 (G-17),2007-016B,2024-09-23T13:57:13.023072,1.00271424,.0004067,1.3626,87.9946,117.3437,281.8901,0,U,31307,999,6347,0,-.218E-5,0
ZHONGXING-6B,2007-031A,2024-09-23T13:11:33.163296,1.00273027,.0003959,0.7628,89.6656,110.4311,116.0100,0,U,31800,999,6309,0,-.374E-5,0
DIRECTV 10,2007-032A,2024-09-23T13:52:12.764928,1.00271346,.0000494,0.0352,337.1666,220.5341,270.4726,0,U,31862,999,3926,0,-.115E-5,0
BSAT-3A,2007-036B,2024-09-23T13:41:42.824256,1.00271081,.0004568,0.0345,225.9044,347.9991,104.2775,0,U,32019,999,4420,0,-.363E-5,0
OPTUS D2,2007-044A,2024-09-23T14:00:14.515776,1.00271305,.0004898,0.4318,90.2599,114.8405,167.9943,0,U,32252,999,6223,0,-.122E-5,0
INTELSAT 11 (IS-11),2007-044B,2024-09-23T10:43:18.003360,1.00271300,.0003137,1.9141,86.4982,119.2196,274.9021,0,U,32253,999,6216,0,-.28E-5,0
WGS F1 (USA 195),2007-046A,2024-09-23T10:43:25.509792,1.00272299,.0001753,0.1243,92.6599,122.7968,265.6678,0,U,32258,999,4601,0,-.279E-5,0
SKYNET 5B,2007-056B,2024-09-23T05:53:46.706208,1.00273364,.0003742,3.6327,80.9740,101.5182,293.6438,0,U,32294,999,6186,0,.13E-5,0
ASTRA 4A,2007-057A,2024-09-23T14:22:59.354976,1.00273246,.0003115,0.0044,142.2321,53.2536,28.0095,0,U,32299,999,4531,0,.21E-6,0
HORIZONS-2,2007-063B,2024-09-23T12:17:30.370848,1.00269288,.0002224,0.9622,88.3992,117.8253,267.1835,0,U,32388,999,6148,0,-.265E-5,0
THURAYA-3,2008-001A,2024-09-23T12:11:42.465696,1.00271317,.0002306,4.9863,33.1965,159.5973,91.4840,0,U,32404,999,6115,0,-.313E-5,0
THOR 5,2008-006A,2024-09-23T05:48:42.815808,1.00271277,.0002464,0.0256,238.6157,314.6627,255.7208,0,U,32487,999,6097,0,-.21E-6,0
AMC-14,2008-011A,2024-09-22T12:41:53.394144,1.00276710,.003382,23.2172,28.1264,1.0750,180.6839,0,U,32708,999,6175,0,.63E-6,0
DIRECTV 11,2008-013A,2024-09-23T12:10:14.996928,1.00270983,.0000344,0.0414,4.1953,145.8483,296.1671,0,U,32729,999,3925,0,-.137E-5,0
ICO G1,2008-016A,2024-09-23T10:29:02.265792,1.00272430,.0002249,5.0544,35.6313,141.6150,249.9542,0,U,32763,999,6021,0,-.182E-5,0
VINASAT-1,2008-018A,2024-09-23T06:09:42.678144,1.00271588,.0002205,0.0321,305.1902,267.7521,14.0314,0,U,32767,999,6025,0,-.34E-5,0
STAR ONE C2,2008-018B,2024-09-23T12:20:00.501216,1.00271005,.0002974,0.0403,348.8258,213.9864,280.0391,0,U,32768,999,6032,0,-.288E-5,0
AMOS-3,2008-022A,2024-09-23T14:20:21.719904,1.00273566,.0002186,0.0183,127.3460,69.7480,16.8107,0,U,32794,999,7600,0,-.47E-6,0
GALAXY 18 (G-18),2008-024A,2024-09-23T13:46:19.960032,1.00271119,.0003168,0.0210,250.4612,303.9561,252.0593,0,U,32951,999,3951,0,.13E-6,0
ZHONGXING-9,2008-028A,2024-09-23T13:49:42.483360,1.00270406,.000428,0.0147,149.2194,47.5479,105.7769,0,U,33051,999,5970,0,-.26E-5,0
SKYNET 5C,2008-030A,2024-09-23T09:07:33.524832,1.00271242,.0003665,2.1572,84.2994,98.5948,298.9422,0,U,33055,999,5962,0,-.151E-5,0
TURKSAT 3A,2008-030B,2024-09-23T05:58:39.457920,1.00269889,.0004773,0.0367,120.4077,47.1069,326.7306,0,U,33056,999,4602,0,.134E-5,0
INTELSAT 25 (IS-25),2008-034A,2024-09-23T10:46:33.172320,1.00270803,.0003345,1.0696,88.0857,113.1396,291.7004,0,U,33153,999,5936,0,-.235E-5,0
BADR-6,2008-034B,2024-09-23T14:29:07.171008,1.00269846,.0004165,1.2102,86.1245,74.1603,86.1833,0,U,33154,999,5942,0,.133E-5,0
ECHOSTAR 11,2008-035A,2024-09-23T13:50:05.153856,1.00270854,.0002855,0.0187,159.0479,42.0845,259.2820,0,U,33207,999,4488,0,-.68E-6,0
SUPERBIRD-C2,2008-038A,2024-09-23T13:24:42.435072,1.00270156,.0001871,0.7216,89.4121,139.9913,118.6097,0,U,33274,999,9939,0,-.263E-5,0
AMC-21,2008-038B,2024-09-23T09:16:42.666816,1.00271115,.0002962,1.3075,88.4618,97.8796,190.6543,0,U,33275,999,5915,0,.25E-6,0
INMARSAT 4-F3,2008-039A,2024-09-23T05:18:37.389312,1.00272563,.0002728,3.7795,28.1565,164.9662,151.1228,0,U,33278,999,4020,0,-.15E-5,0
NIMIQ 4,2008-044A,2024-09-23T11:28:42.916800,1.00273282,.0001719,0.0202,234.0123,293.6101,285.3793,0,U,33373,999,5864,0,-.232E-5,0
GALAXY 19 (G-19),2008-045A,2024-09-23T13:53:50.347680,1.00271541,.0002749,0.0351,265.7732,273.4854,295.1285,0,U,33376,999,5857,0,-.151E-5,0
ASTRA 1M,2008-057A,2024-09-23T05:52:09.122592,1.00270575,.0005514,0.0203,96.4126,72.2679,301.1306,0,U,33436,999,3940,0,.108E-5,0
EUTELSAT HOTBIRD 13C,2008-065A,2024-09-23T14:17:59.096832,1.00271458,.000492,1.3148,86.3265,111.9301,6.6736,0,U,33459,999,4101,0,-.112E-5,0
EXPRESS-AM44,2009-007A,2024-09-23T14:18:29.121696,1.00271891,.0004113,1.8280,86.0968,99.3890,21.0697,0,U,33595,999,4595,0,-.101E-5,0
NSS-9,2009-008A,2024-09-23T13:32:42.624672,1.00273594,.0002146,0.0027,89.4580,97.8722,201.8276,0,U,33749,999,5718,0,.6E-6,0
EUTELSAT 33E,2009-008B,2024-09-23T13:54:12.867840,1.00270034,.0005035,1.0353,87.6797,102.9233,285.4552,0,U,33750,999,5711,0,-.16E-5,0
TELSTAR 11N,2009-009A,2024-09-23T10:44:48.081408,1.00273721,.000228,0.0010,136.5301,37.6988,312.2080,0,U,34111,999,3991,0,-.262E-5,0
WGS F2 (USA 204),2009-017A,2024-09-23T12:55:02.309952,1.00269515,.0001481,0.0176,149.1048,132.7213,332.2998,0,U,34713,999,3928,0,.56E-6,0
SES-7 (PROTOSTAR 2),2009-027A,2024-09-23T13:09:33.060384,1.00269011,.0002247,0.0594,73.0219,162.7237,72.7647,0,U,34941,999,5629,0,-.357E-5,0
MEASAT-3A,2009-032A,2024-09-23T08:31:21.518688,1.00271524,.0002054,0.0182,126.1430,86.9864,77.3568,0,U,35362,999,169,0,-.123E-5,0
GOES 14,2009-033A,2024-09-23T13:50:35.179584,1.00270324,.0003941,0.0399,111.6234,61.8690,288.6212,0,U,35491,999,26,0,-.78E-6,0
FM-5,2009-034A,2024-09-23T00:32:42.709056,1.00272351,.0000195,0.0344,265.8914,313.2539,65.2630,0,U,35493,999,4030,0,-.211E-5,0
TERRESTAR-1,2009-035A,2024-09-23T12:30:42.567264,1.00272484,.0002791,4.6166,47.9068,142.4810,249.1587,0,U,35496,999,5580,0,-.67E-6,0
ASIASAT 5,2009-042A,2024-09-23T13:07:17.942880,1.00273048,.000168,0.0394,260.3460,270.4910,129.3901,0,U,35696,999,5537,0,-.32E-5,0
JCSAT-12 (JCSAT-RA),2009-044A,2024-09-23T11:48:42.815808,1.00272198,.0001638,0.0525,95.9346,34.6467,181.4951,0,U,35755,999,5527,0,-.34E-5,0
OPTUS D3,2009-044B,2024-09-23T12:12:42.735744,1.00272273,.0002402,0.2585,83.5444,96.9452,161.5252,0,U,35756,999,5522,0,-.159E-5,0
NIMIQ 5,2009-050A,2024-09-23T15:37:57.381312,1.00271505,.0002871,0.0192,150.3048,39.4230,335.0633,0,U,35873,999,5501,0,-.269E-5,0
AMAZONAS 2,2009-054A,2024-09-23T12:21:08.059104,1.00270375,.000536,0.1729,96.4761,97.2064,293.6580,0,U,35942,999,5485,0,-.294E-5,0
COMSATBW-1,2009-054B,2024-09-23T12:56:39.893568,1.00271713,.000354,0.0460,84.6980,123.2214,52.1034,0,U,35943,999,5496,0,.12E-6,0
NSS-12,2009-058A,2024-09-23T12:54:39.792384,1.00272563,.0003521,0.0557,76.2710,112.3098,64.9545,0,U,36032,999,5458,0,.59E-6,0
THOR 6,2009-058B,2024-09-23T00:37:30.369216,1.00270721,.0002081,0.0161,181.6833,26.5619,162.6548,0,U,36033,999,5466,0,-.21E-6,0
INTELSAT 14 (IS-14),2009-064A,2024-09-23T08:42:12.587616,1.00270962,.0002584,0.0199,92.8439,105.5331,249.8841,0,U,36097,999,5426,0,-.285E-5,0
EUTELSAT 36B,2009-065A,2024-09-23T07:39:42.735168,1.00273568,.0005287,0.0681,9.9068,177.4929,326.0742,0,U,36101,999,5437,0,.144E-5,0
INTELSAT 15 (IS-15),2009-067A,2024-09-23T11:19:57.396576,1.00270775,.0002316,0.0196,171.1200,18.7149,68.1243,0,U,36106,999,3489,0,-.197E-5,0
WGS F3 (USA 211),2009-068A,2024-09-23T13:42:42.272640,0.99719243,.0002798,0.1270,88.6170,164.6506,179.4367,0,U,36108,999,4026,0,.104E-5,0
DIRECTV 12,2009-075A,2024-09-23T12:02:20.241024,1.00271939,.0000192,0.0084,136.3484,154.4528,149.9032,0,U,36131,999,4021,0,-.115E-5,0
BEIDOU-2 G1,2010-001A,2024-09-23T13:18:48.538080,1.00269795,.0002974,2.8295,59.1907,267.6312,16.2144,0,U,36287,999,5383,0,-.292E-5,0
RADUGA-1M 2,2010-002A,2024-09-23T09:36:57.544128,1.00269185,.0002948,1.9709,87.1212,132.7141,12.1223,0,U,36358,999,4375,0,-.195E-5,0
SDO,2010-005A,2024-09-21T02:22:39.419040,1.00274641,.0001508,33.3188,96.0885,157.7037,40.5960,0,U,36395,999,5367,0,-.65E-6,0
INTELSAT 16 (IS-16),2010-006A,2024-09-23T13:59:43.151712,1.00269363,.0002246,0.0139,158.3019,42.6710,295.6630,0,U,36397,999,5332,0,-.256E-5,0
EWS-G2 (GOES 15),2010-008A,2024-09-23T14:39:07.688160,1.00270502,.000628,0.3496,274.6566,308.0804,61.2959,0,U,36411,999,5331,0,.26E-6,0
ECHOSTAR 14,2010-010A,2024-09-23T06:07:58.381248,1.00271537,.0002359,0.0183,196.7217,347.3242,151.6556,0,U,36499,999,4021,0,-.11E-6,0
SES-1,2010-016A,2024-09-23T05:03:42.681024,1.00271631,.0002581,0.0442,293.4314,248.4339,155.6114,0,U,36516,999,5269,0,-.126E-5,0
ASTRA 3B,2010-021A,2024-09-23T07:47:42.614592,1.00275731,.0003528,0.0133,297.1819,236.8692,329.0813,0,U,36581,999,5254,0,.126E-5,0
COMSATBW-2,2010-021B,2024-09-23T14:25:21.978048,1.00268775,.0002738,0.0197,128.7663,77.0411,26.6825,0,U,36582,999,5262,0,.76E-6,0
BEIDOU-2 G3,2010-024A,2024-09-23T14:15:12.783744,1.00272034,.00046,3.0281,61.6710,350.7184,243.9859,0,U,36590,999,5243,0,-.147E-5,0
BADR-5,2010-025A,2024-09-23T12:46:01.845120,1.00269914,.0005546,0.0316,138.8945,40.0137,41.4516,0,U,36592,999,4688,0,.132E-5,0
COMS 1,2010-032A,2024-09-23T13:15:10.850688,1.00271312,.000097,3.2010,83.3227,121.7762,124.7169,0,U,36744,999,4475,0,-.356E-5,0
ARABSAT-5A,2010-032B,2024-09-23T14:30:14.729760,1.00273688,.0004135,0.0735,53.7742,111.9395,85.2845,0,U,36745,999,5231,0,.141E-5,0
ECHOSTAR 15,2010-034A,2024-09-23T12:20:53.046240,1.00271066,.0002214,0.0193,156.9260,8.2360,321.2599,0,U,36792,999,5199,0,-.293E-5,0
BEIDOU-2 IGSO-1,2010-036A,2024-09-21T13:15:33.693120,1.00254068,.0041043,54.2549,168.6973,204.6345,292.1584,0,U,36828,999,5185,0,-.123E-5,0
NILESAT 201,2010-037A,2024-09-23T09:10:33.680928,1.00272498,.0005638,0.0242,141.4936,42.7492,309.1243,0,U,36830,999,5203,0,-.69E-6,0
RASCOM-QAF 1R,2010-037B,2024-09-23T14:22:21.822816,1.00272946,.0005598,0.0413,112.5852,81.3364,27.5159,0,U,36831,999,5196,0,.7E-7,0
AEHF-1 (USA 214),2010-039A,2024-09-23T14:26:37.042368,1.00416220,.0003367,6.6274,76.0507,91.7533,69.1717,0,U,36868,999,4732,0,.113E-5,0
XM-5,2010-053A,2024-09-23T13:48:35.076672,1.00269698,.0000222,0.0417,90.5842,282.3562,81.9268,0,U,37185,999,5114,0,-.35E-6,0
BSAT-3B,2010-056B,2024-09-23T08:01:07.593024,1.00270802,.0002687,0.0531,333.8708,291.8801,327.0599,0,U,37207,999,4577,0,-.362E-5,0
BEIDOU-2 G4,2010-057A,2024-09-23T14:00:14.515776,1.00271200,.0007926,2.0801,69.7051,163.2079,140.1836,0,U,37210,999,5095,0,-.123E-5,0
SKYTERRA 1,2010-061A,2024-09-23T13:52:35.284224,1.00271187,.000397,3.8073,49.1163,179.4610,241.1954,0,U,37218,999,5086,0,-.129E-5,0
HYLAS 1,2010-065A,2024-09-23T12:12:42.735744,1.00271684,.0002156,4.0248,80.6874,128.6101,135.4422,0,U,37237,999,55,0,-.134E-5,0
INTELSAT 17 (IS-17),2010-065B,2024-09-23T14:40:30.258912,1.00272778,.0002802,0.0269,235.6662,325.8936,87.5222,0,U,37238,999,4690,0,-.14E-6,0
BEIDOU-2 IGSO-2,2010-068A,2024-09-23T11:26:20.227200,1.00271396,.004042,48.6991,279.6164,217.3501,145.4693,0,U,37256,999,5046,0,-.184E-5,0
EUTELSAT KA-SAT 9A,2010-069A,2024-09-22T20:14:42.732960,1.00272038,.0001235,0.0977,285.5592,218.1117,171.2345,0,U,37258,999,5047,0,.51E-6,0
HISPASAT 30W-5,2010-070A,2024-09-23T10:47:03.198048,1.00272171,.0005488,0.0308,122.5249,46.8068,325.2121,0,U,37264,999,4685,0,-.228E-5,0
KOREASAT 6,2010-070B,2024-09-23T13:11:48.177024,1.00272334,.000307,0.0442,350.9650,245.3560,80.5760,0,U,37265,999,5043,0,-.374E-5,0
BEIDOU-2 IGSO-3,2011-013A,2024-09-23T07:59:30.009408,1.00283832,.0032243,61.5046,46.1664,174.9322,8.9532,0,U,37384,999,4932,0,-.179E-5,0
INTELSAT 28 (IS-28),2011-016A,2024-09-23T14:30:59.768352,1.00273284,.0003077,0.1650,92.1936,110.0401,51.2637,0,U,37392,999,4695,0,.143E-5,0
YAHSAT 1A,2011-016B,2024-09-23T14:36:37.560384,1.00269860,.0001974,0.0178,191.8259,6.3394,76.4171,0,U,37393,999,3607,0,.89E-6,0
SBIRS GEO-1 (USA 230),2011-019A,2024-09-23T14:40:22.753344,1.00271195,.0001751,3.1870,49.9128,144.3582,94.4931,0,U,37481,999,4906,0,-.15E-6,0
TELSTAR 14R,2011-021A,2024-09-23T12:20:30.526080,1.00271442,.0000488,0.0146,132.7628,100.4875,251.7297,0,U,37602,999,4950,0,-.292E-5,0
GSAT-8,2011-022A,2024-09-23T12:54:17.271360,1.00272366,.0006994,0.4894,89.9258,151.7044,9.8948,0,U,37605,999,4890,0,.73E-6,0
ST-2,2011-022B,2024-09-23T13:03:47.761920,1.00273042,.0001728,0.0177,185.6935,57.0822,44.0612,0,U,37606,999,4894,0,-.224E-5,0
ZHONGXING-10,2011-026A,2024-09-23T13:41:42.824256,1.00272818,.0004981,0.0585,263.1574,283.1058,132.5818,0,U,37677,999,4866,0,-.365E-5,0
SES-3,2011-035A,2024-09-23T12:02:20.190912,1.00272279,.0002663,0.0113,353.3497,195.4764,251.5941,0,U,37748,999,4825,0,-.114E-5,0
KAZSAT-2,2011-035B,2024-09-23T13:03:17.737056,1.00271651,.0001355,0.0223,85.1591,164.4359,35.6103,0,U,37749,999,4705,0,-.21E-5,0
BEIDOU-2 IGSO-4,2011-038A,2024-09-15T16:57:53.091072,1.00288593,.0129048,54.5620,171.3831,229.2096,303.3869,0,U,37763,999,4823,0,-.94E-6,0
ASTRA 1N,2011-041A,2024-09-23T07:55:42.753216,1.00273267,.0001684,0.0575,9.4897,129.0344,2.2661,0,U,37775,999,3819,0,.108E-5,0
BSAT-3C (JCSAT-110R),2011-041B,2024-09-23T08:01:07.593024,1.00271571,.0000253,0.0152,121.7484,337.9060,133.2650,0,U,37776,999,4414,0,-.363E-5,0
PAKSAT-1R,2011-042A,2024-09-23T14:32:22.339104,1.00271060,.000104,0.0241,102.9230,49.2976,106.7256,0,U,37779,999,4814,0,.141E-5,0
SES-2,2011-049A,2024-09-23T13:56:42.997344,1.00271781,.0002584,0.0367,300.4409,258.7914,285.8723,0,U,37809,999,4763,0,-.208E-5,0
ARABSAT-5C,2011-049B,2024-09-23T07:55:42.753216,1.00271516,.0006394,0.0538,8.9925,182.4622,310.1350,0,U,37810,999,4771,0,.112E-5,0
EUTELSAT 7 WEST A,2011-051A,2024-09-23T09:25:42.766176,1.00272031,.0006138,0.0953,47.7144,146.8298,302.2959,0,U,37816,999,4756,0,-.72E-6,0
QUETZSAT 1,2011-054A,2024-09-23T12:16:30.319392,1.00272301,.0002624,0.0285,65.9452,138.2895,265.7417,0,U,37826,999,4776,0,-.254E-5,0
INTELSAT 18 (IS-18),2011-056A,2024-09-23T14:30:33.168384,1.00273615,.0001841,0.0174,209.6949,343.5869,207.2857,0,U,37834,999,4747,0,.41E-6,0
EUTELSAT 16A,2011-057A,2024-09-23T07:55:42.753216,1.00271029,.0005237,0.0689,357.7089,185.3234,314.5634,0,U,37836,999,99,0,.92E-6,0
VIASAT-1,2011-059A,2024-09-23T12:30:42.567264,1.00270159,.0002407,0.0173,207.2063,337.1788,251.0384,0,U,37843,999,4098,0,-.35E-6,0
ASIASAT 7,2011-069A,2024-09-23T13:08:48.020928,1.00273700,.0001819,0.0357,244.8892,291.2037,129.4934,0,U,37933,999,3852,0,-.346E-5,0
BEIDOU-2 IGSO-5,2011-073A,2024-09-23T00:11:12.612768,1.00270618,.010312,48.8340,279.3156,221.5991,320.4351,0,U,37948,999,4679,0,-.144E-5,0
LUCH-5A,2011-074B,2024-09-23T13:28:03.068832,1.00270044,.0004574,7.1346,83.3989,102.9887,185.4963,0,U,37951,999,4671,0,-.59E-6,0
NIGCOMSAT 1R,2011-077A,2024-09-23T07:39:42.735168,1.00271301,.0002395,0.0444,57.2960,222.1590,240.6573,0,U,38014,999,4662,0,.133E-5,0
FENGYUN 2F,2012-002A,2024-09-23T14:22:06.809952,0.99140269,.0002477,5.9806,73.0253,137.2869,10.0028,0,U,38049,999,4654,0,-.167E-5,0
WGS F4 (USA 233),2012-003A,2024-09-23T13:49:42.483360,1.00270009,.0000823,0.0174,146.4295,35.5729,116.7529,0,U,38070,999,3780,0,-.227E-5,0
SES-4,2012-007A,2024-09-23T09:33:42.680160,1.00272004,.0002613,0.0427,72.7901,125.9013,285.4844,0,U,38087,999,4589,0,-.18E-5,0
BEIDOU-2 G5,2012-008A,2024-09-23T12:55:24.830976,1.00269358,.0006978,1.9994,70.5099,221.6305,323.3464,0,U,38091,999,4603,0,.45E-6,0
MUOS-1,2012-009A,2024-09-23T12:05:24.059616,1.00271399,.0051269,4.2226,45.4594,3.3481,35.4312,0,U,38093,999,4611,0,-.138E-5,0
INTELSAT 22 (IS-22),2012-011A,2024-09-23T12:59:10.023072,1.00270803,.0001932,0.0275,137.7307,67.1819,64.8483,0,U,38098,999,85,0,-.71E-6,0
APSTAR-7,2012-013A,2024-09-23T13:00:32.593824,1.00271443,.0002453,0.0144,154.5715,48.0571,71.8988,0,U,38107,999,4547,0,-.114E-5,0
YAHSAT 1B,2012-016A,2024-09-23T12:52:09.662880,1.00271806,.0001996,0.0302,107.1406,85.3828,50.9853,0,U,38245,999,3926,0,.114E-5,0
AEHF-2 (USA 235),2012-019A,2024-09-23T07:24:50.719104,1.00272331,.0003087,5.1826,61.2491,106.4583,289.6624,0,U,38254,999,65,0,-.144E-5,0
JCSAT-13,2012-023A,2024-09-23T13:14:03.291936,1.00272492,.0002398,0.0174,170.0366,25.3039,130.0641,0,U,38331,999,4520,0,-.369E-5,0
VINASAT-2,2012-023B,2024-09-23T13:16:18.407712,1.00272003,.000208,0.0267,311.8121,231.1160,150.8876,0,U,38332,999,4032,0,-.341E-5,0
NIMIQ 6,2012-026A,2024-09-23T13:55:27.933024,1.00271828,.0002836,0.0183,129.4079,71.0879,280.1810,0,U,38342,999,4408,0,-.186E-5,0
ZHONGXING-2A,2012-028A,2024-09-23T13:07:42.558240,1.00272386,.0003739,0.0382,85.9797,221.4278,350.6639,0,U,38352,999,4504,0,-.305E-5,0
INTELSAT 19 (IS-19),2012-030A,2024-09-23T13:25:14.858400,1.00272008,.0003068,0.0146,235.8339,311.8897,182.4839,0,U,38356,999,4410,0,-.69E-6,0
ECHOSTAR 17,2012-035A,2024-09-23T13:50:57.699744,1.00270246,.0002053,0.0190,162.7834,19.6412,281.1190,0,U,38551,999,4473,0,-.87E-6,0
METEOSAT-10 (MSG-3),2012-035B,2024-09-23T09:12:18.770976,1.00274483,.0001068,3.1861,61.5046,216.2866,223.1503,0,U,38552,999,4452,0,-.16E-6,0
SES-5,2012-036A,2024-09-23T14:22:59.354976,1.00271562,.0002093,0.0722,295.9301,259.4781,28.2555,0,U,38652,999,3814,0,.22E-6,0
INTELSAT 20 (IS-20),2012-043A,2024-09-23T12:08:42.624960,1.00271534,.0001842,0.0094,177.0899,351.6637,84.7773,0,U,38740,999,4441,0,-.37E-6,0
HYLAS 2,2012-043B,2024-09-23T13:24:42.435072,1.00269901,.0002939,0.7876,88.8682,139.0526,118.6442,0,U,38741,999,4443,0,-.275E-5,0
INTELSAT 21 (IS-21),2012-045A,2024-09-23T06:58:54.473664,1.00271932,.0002209,0.0290,100.1624,98.3625,210.8380,0,U,38749,999,4418,0,-.296E-5,0
ASTRA 2F,2012-051A,2024-09-23T14:29:37.196736,1.00269851,.0004305,0.0726,254.3060,316.1873,38.0242,0,U,38778,999,3480,0,.137E-5,0
GSAT-10,2012-051B,2024-09-22T23:55:42.627360,1.00273251,.0002816,0.0127,210.0437,44.1964,190.0278,0,U,38779,999,4376,0,-.177E-5,0
INTELSAT 23 (IS-23),2012-057A,2024-09-23T04:20:49.828128,1.00264893,.0000888,0.0273,227.0482,79.7275,67.9239,0,U,38867,999,4360,0,-.296E-5,0
BEIDOU-2 G6,2012-059A,2024-09-23T13:02:32.697600,1.00270348,.0006219,2.8071,79.6940,306.3671,256.4933,0,U,38953,999,4357,0,-.187E-5,0
LUCH-5B,2012-061A,2024-09-23T05:41:53.591712,1.00270931,.0006709,9.1027,55.8189,143.0962,232.8128,0,U,38977,999,4327,0,-.146E-5,0
YAMAL 300K,2012-061B,2024-09-23T10:02:33.798336,1.00270326,.0000362,0.0154,229.8132,355.7583,110.7915,0,U,38978,999,4329,0,.59E-6,0
STAR ONE C3,2012-062A,2024-09-23T14:00:05.672736,1.00272117,.0002121,0.0200,98.4920,84.8883,314.5674,0,U,38991,999,4342,0,-.261E-5,0
EUTELSAT 21B,2012-062B,2024-09-23T14:27:37.093824,1.00270785,.000274,0.0689,358.6417,177.6177,65.1788,0,U,38992,999,4349,0,.118E-5,0
ECHOSTAR 16,2012-065A,2024-09-23T12:21:00.551808,1.00271878,.0002182,0.0177,175.6633,4.0375,306.9071,0,U,39008,999,4329,0,-.294E-5,0
ZHONGXING-12,2012-067A,2024-09-23T04:49:42.834144,1.00272876,.0002802,0.0123,137.6862,48.8081,335.9579,0,U,39017,999,4317,0,-.219E-5,0
EUTELSAT 70B,2012-069A,2024-09-23T14:41:07.791936,1.00271652,.0003907,0.0646,359.4365,186.3992,107.8932,0,U,39020,999,4317,0,-.56E-6,0
YAMAL 402,2012-070A,2024-09-23T12:54:17.271360,1.00272441,.0004251,0.0195,130.7692,65.3799,55.1945,0,U,39022,999,4306,0,.73E-6,0
SKYNET 5D,2012-075A,2024-09-23T14:36:37.560384,1.00270712,.0004097,0.0689,356.6038,198.1055,80.1123,0,U,39034,999,4282,0,.87E-6,0
MEXSAT 3,2012-075B,2024-09-23T13:48:42.583104,1.00272578,.0001715,0.0268,106.6971,71.0632,277.5296,0,U,39035,999,71,0,-.38E-6,0
TDRS 11,2013-004A,2024-09-23T14:06:42.597792,1.00280163,.0003476,2.8013,15.0302,65.3714,320.1005,0,U,39070,999,4036,0,.7E-6,0
AMAZONAS 3,2013-006A,2024-09-23T07:12:12.565152,1.00272368,.0005198,0.0308,226.0991,334.7826,208.8312,0,U,39078,999,3857,0,-.294E-5,0
AZERSPACE 1,2013-006B,2024-09-23T12:51:47.141856,1.00269470,.0002233,0.0173,159.2684,60.3382,22.1954,0,U,39079,999,4247,0,.121E-5,0
SBIRS GEO-2 (USA 241),2013-011A,2024-09-23T10:44:40.574976,1.00271354,.00018,3.1671,48.6255,143.2343,294.1034,0,U,39120,999,4220,0,-.267E-5,0
EUTELSAT 117 WEST A,2013-012A,2024-09-23T13:48:05.051808,1.00271463,.0002914,0.0139,124.2816,67.0310,261.8094,0,U,39122,999,4209,0,-.25E-6,0
ANIK G1,2013-014A,2024-09-23T13:50:50.193312,1.00270501,.0002779,0.0206,165.0971,56.9027,241.3152,0,U,39127,999,4192,0,-.86E-6,0
ZHONGXING-11,2013-020A,2024-09-23T13:49:12.482688,1.00270087,.0003119,0.0140,231.0715,54.5595,22.4738,0,U,39157,999,4156,0,-.303E-5,0
EUTELSAT 7B,2013-022A,2024-09-23T14:23:36.888000,1.00273285,.0000964,0.0677,355.3328,339.0559,251.4561,0,U,39163,999,4162,0,.36E-6,0
WGS F5 (USA 243),2013-024A,2024-09-23T12:23:30.681312,1.00268332,.0001369,0.0193,161.8633,68.5412,265.8148,0,U,39168,999,4084,0,-.296E-5,0
SES-6,2013-026A,2024-09-23T10:44:03.041952,1.00270878,.0002197,0.0427,343.8578,205.9997,293.4563,0,U,39172,999,4139,0,-.273E-5,0
IRNSS-1A,2013-034A,2024-09-23T12:54:24.777792,1.00268898,.0021158,34.2994,73.0072,179.9009,358.7281,0,U,39199,999,4103,0,.74E-6,0
MUOS-2,2013-036A,2024-09-23T13:52:13.712736,1.00272573,.0055862,3.7926,41.7770,178.0150,174.1412,0,U,39206,999,4085,0,.54E-6,0
ALPHASAT,2013-038A,2024-09-23T14:28:37.146144,1.00272993,.0004129,2.9027,6.6786,197.3733,40.8990,0,U,39215,999,3768,0,.123E-5,0
INSAT-3D,2013-038B,2024-09-23T13:15:40.876416,1.00269422,.0001892,0.2851,92.1003,116.1614,123.0966,0,U,39216,999,4074,0,-.351E-5,0
WGS F6 (USA 244),2013-041A,2024-09-23T13:42:57.286368,1.00270501,.0000731,0.0090,197.6463,70.6991,165.1040,0,U,39222,999,3971,0,.77E-6,0
ES'HAIL 1,2013-044A,2024-09-23T14:28:52.159008,1.00274974,.0002218,0.0583,2.5260,195.5618,47.5948,0,U,39233,999,4029,0,.131E-5,0
GSAT-7,2013-044B,2024-09-23T05:12:27.775296,1.00271836,.0008813,0.0464,101.1889,158.7394,254.7573,0,U,39234,999,3898,0,-.89E-6,0
AMOS-4,2013-045A,2024-09-23T05:13:42.774816,1.00273655,.0001632,0.0222,215.7723,23.0067,267.2350,0,U,39237,999,4062,0,-.5E-7,0
AEHF-3 (USA 246),2013-050A,2024-09-23T11:33:05.438880,1.00594762,.0071059,3.7205,72.2267,175.1031,153.6849,0,U,39256,999,3933,0,.38E-6,0
ASTRA 2E,2013-056A,2024-09-23T07:47:42.614592,1.00275468,.0003054,0.0651,339.8137,209.5640,318.7361,0,U,39285,999,4009,0,.139E-5,0
FM-6,2013-058A,2024-09-23T13:48:20.063808,1.00269935,.0000183,0.0138,247.1929,353.8770,212.7659,0,U,39360,999,3972,0,-.29E-6,0
RADUGA-1M 3,2013-062A,2024-09-23T14:31:29.794080,1.00271540,.0003869,4.3452,80.0301,282.5201,253.2326,0,U,39375,999,3977,0,.143E-5,0
SES-8,2013-071A,2024-09-23T13:05:47.865696,1.00270233,.0001861,0.0291,255.5728,266.6689,132.0765,0,U,39460,999,3809,0,-.282E-5,0
INMARSAT 5-F1,2013-073A,2024-09-23T05:35:42.730080,1.00271824,.0000612,0.0182,135.7355,111.2244,262.1771,0,U,39476,999,3925,0,.16E-6,0
TKSAT-1 (TUPAC KATARI),2013-075A,2024-09-23T13:56:35.490912,1.00271090,.0002483,0.0420,7.6682,180.1026,297.0984,0,U,39481,999,3926,0,-.207E-5,0
EXPRESS-AM5,2013-077A,2024-09-23T13:18:41.030784,1.00271355,.0001041,0.0174,205.8963,68.6870,68.0055,0,U,39487,999,4002,0,-.292E-5,0
GSAT-14,2014-001A,2024-09-23T05:12:42.439104,1.00271632,.0005368,0.0139,209.3279,24.3197,281.0845,0,U,39498,999,3905,0,-.89E-6,0
THAICOM 6,2014-002A,2024-09-23T13:01:02.620416,1.00271406,.0003533,0.0480,117.6315,70.4064,88.5849,0,U,39500,999,3912,0,-.133E-5,0
TDRS 12,2014-004A,2024-09-23T10:43:55.536384,1.00266487,.0006192,3.5691,5.7229,214.1953,262.8500,0,U,39504,999,3794,0,-.281E-5,0
ABS-2,2014-006A,2024-09-23T13:00:02.568960,1.00271537,.0003536,0.0174,127.7157,51.6182,93.4783,0,U,39508,999,3894,0,-.99E-6,0
ATHENA-FIDUS,2014-006B,2024-09-23T11:06:19.193760,1.00272406,.0001442,0.0136,185.7755,27.8919,353.5021,0,U,39509,999,3874,0,.142E-5,0
TURKSAT 4A,2014-007A,2024-09-23T12:50:32.078400,1.00274055,.0003976,0.0593,262.8117,317.5215,17.1733,0,U,39522,999,3887,0,.134E-5,0
EXPRESS-AT1,2014-010A,2024-09-23T12:54:39.792384,1.00271513,.0000157,0.0155,242.7209,337.7639,32.0615,0,U,39612,999,3848,0,.66E-6,0
EXPRESS-AT2,2014-010B,2024-09-23T13:18:33.525216,1.00272153,.0000689,0.0231,253.1630,39.3306,49.8889,0,U,39613,999,3816,0,-.293E-5,0
AMAZONAS 4A,2014-011A,2024-09-23T14:00:20.684736,1.00270086,.0004344,0.0535,199.8200,0.4313,298.7639,0,U,39616,999,3837,0,-.264E-5,0
ASTRA 5B,2014-011B,2024-09-22T17:52:31.945152,1.00272800,.0003624,0.0766,308.5074,260.5243,84.6816,0,U,39617,999,3832,0,.126E-5,0
IRNSS-1B,2014-017A,2024-09-23T12:54:17.271360,1.00271317,.0020135,28.8016,251.1607,188.4933,171.8013,0,U,39635,999,3846,0,.104E-5,0
LUCH-5V,2014-023A,2024-09-23T12:11:42.465696,1.00274271,.0003652,3.5417,75.2779,150.8529,54.3784,0,U,39727,999,3802,0,-.281E-5,0
KAZSAT-3,2014-023B,2024-09-22T19:10:42.621024,1.00274172,.0000328,0.0123,130.9736,259.6088,317.7447,0,U,39728,999,3810,0,.49E-6,0
EUTELSAT 3B,2014-030A,2024-09-23T14:22:29.329248,1.00271378,.0005095,0.0623,0.0091,187.9327,33.6993,0,U,39773,999,3773,0,.8E-7,0
ASIASAT 8 (AMOS-7),2014-046A,2024-09-23T14:20:29.226336,1.00271701,.0002062,0.0057,116.0068,85.3095,12.8295,0,U,40107,999,9581,0,-.46E-6,0
ASIASAT 6,2014-052A,2024-09-23T09:46:58.061280,1.00271683,.0000885,0.0474,90.9773,107.3200,71.1006,0,U,40141,999,3673,0,-.374E-5,0
OPTUS 10,2014-054A,2024-09-22T21:56:22.044192,1.00271008,.0003855,0.0392,282.1570,277.9605,287.2363,0,U,40146,999,3669,0,-.158E-5,0
MEASAT-3B,2014-054B,2024-09-23T13:49:42.483360,1.00270785,.0001323,0.0486,45.6869,64.6220,191.5374,0,U,40147,999,3658,0,-.254E-5,0
LUCH (OLYMP-K 1),2014-058A,2024-09-23T15:59:19.331808,1.00272424,.000161,0.2546,89.6525,192.2616,302.8122,0,U,40258,999,3660,0,-.154E-5,0
HIMAWARI-8,2014-060A,2024-09-23T08:09:53.044992,1.00272966,.0000777,0.0214,177.0731,2.2608,86.4751,0,U,40267,999,3642,0,-.287E-5,0
IRNSS-1C,2014-061A,2024-09-23T13:02:17.684736,1.00268833,.002053,4.9077,102.3963,4.5549,174.5071,0,U,40269,999,3635,0,-.173E-5,0
INTELSAT 30 (IS-30),2014-062A,2024-09-23T12:09:57.218400,1.00272591,.0001825,0.0154,97.6244,267.3450,85.3133,0,U,40271,999,49,0,-.163E-5,0
ARSAT 1,2014-062B,2024-09-23T15:28:48.232416,1.00272641,.0001906,0.0265,308.0222,242.6069,332.7581,0,U,40272,999,3628,0,-.272E-5,0
EXPRESS-AM6,2014-064A,2024-09-23T07:31:42.597408,1.00274444,.0001031,0.0170,157.9841,36.3382,334.2635,0,U,40277,999,3524,0,.86E-6,0
GSAT-16,2014-078A,2024-09-23T12:53:54.752928,1.00272987,.000527,0.0092,165.6580,306.4091,139.3625,0,U,40332,999,3577,0,.72E-6,0
DIRECTV 14,2014-078B,2024-09-23T12:10:14.996928,1.00271890,.0000072,0.0246,278.4206,46.1789,121.5736,0,U,40333,999,3591,0,-.138E-5,0
YAMAL 401,2014-082A,2024-09-23T13:49:42.483360,1.00269097,.0000186,0.0115,183.7279,98.7888,17.7572,0,U,40345,999,3558,0,-.24E-5,0
ASTRA 2G,2014-089A,2024-09-23T14:29:37.196736,1.00274067,.0001801,0.0591,4.8148,93.7012,150.0238,0,U,40364,999,3563,0,.137E-5,0
FENGYUN 2G,2014-090A,2024-09-23T12:11:24.629280,1.00270933,.0003066,4.0384,80.3546,165.2976,39.7046,0,U,40367,999,3566,0,-.314E-5,0
MUOS-3,2015-002A,2024-09-23T05:56:42.730656,1.00271146,.0061193,3.3896,37.0199,177.8843,221.3806,0,U,40374,999,3525,0,-.139E-5,0
INMARSAT 5-F2,2015-005A,2024-09-23T02:15:42.686784,1.00270775,.0000593,0.0176,148.9370,78.8130,113.5723,0,U,40384,999,3465,0,-.296E-5,0
ABS-3A,2015-010A,2024-09-23T09:11:48.745248,1.00271478,.0001525,0.0059,176.8670,315.1852,5.6285,0,U,40424,999,3504,0,-.38E-6,0
EUTELSAT 115 WEST B,2015-010B,2024-09-23T06:11:18.620160,1.00271010,.0000172,0.0131,340.8489,135.6655,224.0136,0,U,40425,999,3505,0,-.36E-6,0
EXPRESS-AM7,2015-012A,2024-09-23T14:32:59.872128,1.00270303,.0002723,0.0182,168.2042,32.5541,60.4033,0,U,40505,999,3467,0,.138E-5,0
IRNSS-1D,2015-018A,2024-09-22T21:15:42.765696,1.00274999,.001904,27.2976,251.0133,193.9569,347.9462,0,U,40547,999,3490,0,-.287E-5,0
BEIDOU-3S IGSO-1S,2015-019A,2024-09-20T13:46:42.493152,1.00284029,.0036754,50.3939,303.0621,197.5051,162.4153,0,U,40549,999,3470,0,-.171E-5,0
THOR 7,2015-022A,2024-09-23T13:13:17.264928,1.00271982,.000267,0.0186,126.4015,64.3749,9.7679,0,U,40613,999,3448,0,-.2E-6,0
TURKMENALEM52E/MONACOSAT,2015-023A,2024-09-23T12:53:17.219904,1.00270715,.0002589,0.0183,143.3043,52.6872,52.2076,0,U,40617,999,3451,0,.92E-6,0
DIRECTV 15,2015-026A,2024-09-22T22:01:42.956256,1.00271988,.0000222,0.0307,99.9108,59.4452,70.4924,0,U,40663,999,3413,0,-.113E-5,0
SKY MEXICO-1,2015-026B,2024-09-23T13:58:58.113984,1.00271411,.0002198,0.0436,337.2604,217.0563,299.5811,0,U,40664,999,3412,0,-.246E-5,0
METEOSAT-11 (MSG-4),2015-034A,2024-09-23T14:24:14.419296,1.00275522,.0001375,1.6204,70.7127,179.1139,338.4762,0,U,40732,999,89,0,.51E-6,0
STAR ONE C4,2015-034B,2024-09-22T22:34:46.528320,1.00271568,.0000989,0.0490,45.3818,151.2851,74.3119,0,U,40733,999,3368,0,-.276E-5,0
WGS F7 (USA 263),2015-036A,2024-09-23T13:46:14.205792,1.00270660,.0000078,0.0051,180.0948,128.8443,75.5531,0,U,40746,999,3353,0,.5E-7,0
INTELSAT 34 (IS-34),2015-039A,2024-09-22T22:38:54.240576,1.00270662,.0000699,0.0173,219.2843,152.0481,275.1887,0,U,40874,999,3328,0,-.296E-5,0
EUTELSAT 8 WEST B,2015-039B,2024-09-23T09:25:42.766176,1.00270808,.0003448,0.0669,357.9179,187.6308,310.6418,0,U,40875,999,3331,0,-.77E-6,0
GSAT-6,2015-041A,2024-09-22T23:18:18.777024,1.00271252,.0003009,0.2755,92.6124,96.7257,245.0288,0,U,40880,999,3325,0,-.171E-5,0
INMARSAT 5-F3,2015-042A,2024-09-22T20:20:09.573792,1.00271051,.0000105,0.0133,121.9149,88.4848,276.3905,0,U,40882,999,3322,0,.39E-6,0
MUOS-4,2015-044A,2024-09-23T12:59:55.061664,1.00271924,.0051692,3.2437,34.2690,0.5028,238.1045,0,U,40887,999,3322,0,-.104E-5,0
TJS-1,2015-046A,2024-09-23T06:31:02.940384,1.00271114,.000378,0.0556,285.0132,66.1322,264.2096,0,U,40892,999,3322,0,-.168E-5,0
EXPRESS-AM8,2015-048A,2024-09-23T09:08:41.082720,1.00270999,.000011,0.0243,254.1101,181.6955,50.0905,0,U,40895,999,3301,0,-.123E-5,0
BEIDOU-3S IGSO-2S,2015-053A,2024-09-23T11:22:42.539808,1.00283843,.0053247,50.2077,266.2516,189.8706,173.3645,0,U,40938,999,3302,0,-.116E-5,0
SKY MUSTER 1 (NBN1A),2015-054A,2024-09-23T13:18:41.030784,1.00271715,.0001769,0.0144,235.2899,309.3756,158.1452,0,U,40940,999,3292,0,-.291E-5,0
ARSAT 2,2015-054B,2024-09-23T12:15:22.760640,1.00272654,.0001923,0.0292,309.3193,231.5804,284.7975,0,U,40941,999,3298,0,-.237E-5,0
MORELOS 3,2015-056A,2024-09-23T13:49:12.608832,1.00272592,.0003389,2.9932,355.2445,182.8651,279.0025,0,U,40946,999,3295,0,-.55E-6,0
APSTAR-9,2015-059A,2024-09-23T13:19:11.057376,1.00270184,.0002594,0.0315,284.1388,253.9939,166.5613,0,U,40982,999,3278,0,-.278E-5,0
TURKSAT 4B,2015-060A,2024-09-23T14:35:52.520928,1.00273233,.0003144,0.0596,88.6201,40.4883,142.7872,0,U,40984,999,3276,0,.102E-5,0
ZHONGXING-2C,2015-063A,2024-09-23T14:51:08.308224,1.00268644,.000277,0.0974,90.2016,66.0715,172.8483,0,U,41021,999,3267,0,-.335E-5,0
GSAT-15,2015-065A,2024-09-23T13:49:42.483360,1.00272055,.0002234,0.0435,274.3083,263.9402,125.5971,0,U,41028,999,3246,0,-.271E-5,0
BADR-7 (ARABSAT-6B),2015-065B,2024-09-22T02:26:29.097888,1.00273330,.0006773,0.0265,207.2629,18.0853,198.7225,0,U,41029,999,3241,0,.135E-5,0
LAOSAT 1,2015-067A,2024-09-23T13:15:18.357120,1.00268198,.0001419,0.0448,7.6570,120.6033,201.9334,0,U,41034,999,3252,0,-.356E-5,0
TELSTAR 12V,2015-068A,2024-09-23T08:18:42.643296,1.00271923,.0002129,0.0184,201.2881,344.1776,286.9038,0,U,41036,999,3229,0,-.13E-5,0
ELEKTRO-L 2,2015-074A,2024-09-23T07:25:28.251264,1.00272073,.0003106,5.0883,78.2551,162.5463,218.7539,0,U,41105,999,3217,0,-.127E-5,0
COSMOS 2513,2015-075A,2024-09-22T14:42:52.144992,1.00270893,.0001993,0.0491,107.3536,138.8706,56.7120,0,U,41121,999,3219,0,-.149E-5,0
EXPRESS-AMU1,2015-082A,2024-09-23T14:31:52.314240,1.00273248,.0002491,0.0155,116.7698,89.0463,51.1771,0,U,41191,999,3193,0,.143E-5,0
GAOFEN-4,2015-083A,2024-09-23T13:08:48.020928,1.00274004,.0001702,0.0744,291.4982,322.3783,51.9044,0,U,41194,999,3219,0,-.348E-5,0
BELINTERSAT-1,2016-001A,2024-09-23T07:31:42.597408,1.00275454,.0001024,0.0550,308.2253,261.6867,317.1991,0,U,41238,999,3190,0,.94E-6,0
IRNSS-1E,2016-003A,2024-09-22T21:15:42.765696,1.00268764,.0020913,31.8531,72.0181,177.2783,183.6313,0,U,41241,999,3185,0,-.298E-5,0
EUTELSAT 9B,2016-005A,2024-09-22T17:48:24.232032,1.00270881,.0003417,0.0476,62.3435,158.9974,56.8322,0,U,41310,999,3177,0,.51E-6,0
SES-9,2016-013A,2024-09-22T23:25:41.659104,1.00271000,.0001543,0.0352,286.2899,218.0890,317.6557,0,U,41380,999,3110,0,-.356E-5,0
EUTELSAT 65 WEST A,2016-014A,2024-09-22T22:36:09.099072,1.00270151,.0002211,0.0726,41.7913,151.1864,83.1497,0,U,41382,999,3119,0,-.287E-5,0
IRNSS-1F,2016-015A,2024-09-23T14:30:52.262784,1.00266278,.0020267,3.7944,114.2862,176.3448,322.5321,0,U,41384,999,3133,0,.147E-5,0
BEIDOU-2 IGSO-6,2016-021A,2024-09-23T08:29:42.710784,1.00294856,.0052918,59.3315,44.3639,221.9332,317.3548,0,U,41434,999,3114,0,-.149E-5,0
IRNSS-1G,2016-027A,2024-09-23T13:15:40.876416,1.00275391,.0004037,3.6617,115.4140,12.9457,203.0002,0,U,41469,999,3084,0,-.346E-5,0
JCSAT-2B,2016-028A,2024-09-23T11:32:42.796896,1.00270597,.0001077,0.0173,161.2914,39.7975,128.9082,0,U,41471,999,3078,0,-.177E-5,0
THAICOM 8,2016-031A,2024-09-23T13:01:02.620416,1.00270077,.0001584,0.0814,52.3997,146.5215,77.7410,0,U,41552,999,3038,0,-.134E-5,0
INTELSAT 31 (IS-31),2016-035A,2024-09-20T04:57:42.674688,1.00270052,.000135,0.0081,183.9041,348.4464,166.6056,0,U,41581,999,3032,0,-.159E-5,0
BEIDOU-2 G7,2016-037A,2024-09-23T13:10:10.591680,1.00272161,.0006672,1.6125,65.9928,353.3358,251.6684,0,U,41586,999,55,0,-.366E-5,0
ABS-2A (MONGOLSAT-1),2016-038A,2024-09-23T02:42:06.804864,1.00269225,.0001119,0.0156,185.3555,311.7946,340.5359,0,U,41588,999,3037,0,-.95E-6,0
EUTELSAT 117 WEST B,2016-038B,2024-09-22T01:45:34.485120,1.00272175,.00002,0.0203,30.8196,16.8946,223.1168,0,U,41589,999,3032,0,-.21E-6,0
BRISAT,2016-039A,2024-09-23T04:45:42.577344,1.00272251,.0002296,0.0158,250.1046,293.2715,41.0921,0,U,41591,999,3027,0,-.208E-5,0
ECHOSTAR 18,2016-039B,2024-09-22T19:11:13.511616,1.00268994,.0001738,0.0185,163.8263,29.0766,35.6795,0,U,41592,999,3028,0,-.292E-5,0
MUOS-5,2016-041A,2024-09-23T13:50:57.699744,1.00271537,.0200501,3.6505,296.7976,254.9851,273.9288,0,U,41622,999,3075,0,-.169E-5,0
TIANTONG-1 1,2016-048A,2024-09-23T12:11:27.466656,1.00269152,.0002421,2.7650,32.5115,249.0624,5.5038,0,U,41725,999,2993,0,-.329E-5,0
JCSAT-16,2016-050A,2024-09-22T04:42:58.649760,1.00271698,.0001005,0.0172,168.0426,309.3045,98.9015,0,U,41729,999,2972,0,-.261E-5,0
INTELSAT 36 (IS-36),2016-053A,2024-09-21T11:58:30.595872,1.00271000,.0001792,0.0076,153.9890,207.7217,247.2792,0,U,41747,999,2959,0,-.34E-6,0
INTELSAT 33E (IS-33E),2016-053B,2024-09-23T14:38:45.168864,1.00271315,.0001986,0.0174,137.5817,53.4703,91.5760,0,U,41748,999,2991,0,.37E-6,0
INSAT-3DR,2016-054A,2024-09-22T00:45:42.623712,1.00271745,.0012623,0.0714,96.9117,165.6488,184.2778,0,U,41752,999,2946,0,-.87E-6,0
GSAT-18,2016-060A,2024-09-23T11:16:49.736640,1.00271717,.0001681,0.0196,128.0271,67.6515,50.3277,0,U,41793,999,2919,0,-.89E-6,0
SKY MUSTER 2 (NBN1B),2016-060B,2024-09-23T07:21:02.646432,1.00272091,.0001583,0.0129,233.5846,314.1390,69.9678,0,U,41794,999,2918,0,-.256E-5,0
HIMAWARI-9,2016-064A,2024-09-23T11:40:42.696192,1.00270568,.0001298,0.0308,160.6153,60.7613,97.3882,0,U,41836,999,2887,0,-.287E-5,0
SHIJIAN-17 (SJ-17),2016-065A,2024-09-23T17:58:14.617056,1.00271304,.0002074,4.1365,80.2068,206.0058,155.7028,0,U,41838,999,2890,0,-.41E-6,0
GOES 16,2016-071A,2024-09-23T11:20:42.781632,1.00271621,.0000758,0.0792,286.9916,333.1955,197.6053,0,U,41866,999,2877,0,-.26E-5,0
TIANLIAN 1-04,2016-072A,2024-09-23T13:42:50.098752,1.00270848,.003712,0.0687,101.9141,58.8079,224.6776,0,U,41869,999,2897,0,.18E-6,0
WGS F8 (USA 272),2016-075A,2024-09-23T13:16:42.756096,1.00271657,.0000538,0.0144,144.6015,106.5335,100.7110,0,U,41879,999,2848,0,-.215E-5,0
FENGYUN 4A,2016-077A,2024-09-23T13:03:25.242624,1.00271047,.0007587,0.7032,85.7750,343.6114,216.1559,0,U,41882,999,2859,0,-.213E-5,0
ECHOSTAR 19,2016-079A,2024-09-23T13:53:50.347680,1.00270554,.000153,0.0138,128.5595,68.0948,277.6130,0,U,41893,999,2837,0,-.15E-5,0
JCSAT-110A (JCSAT-15),2016-082A,2024-09-23T13:10:03.085248,1.00270227,.0001262,0.0172,165.1629,58.0655,87.2387,0,U,41903,999,2842,0,-.363E-5,0
STAR ONE D1,2016-082B,2024-09-22T22:30:46.320768,1.00271547,.0001484,0.0322,97.9637,78.2861,79.7537,0,U,41904,999,2843,0,-.222E-5,0
TJS-2,2017-001A,2024-09-23T14:40:37.766208,1.00272807,.0000901,0.0462,106.9649,139.7572,42.8580,0,U,41911,999,2839,0,-.19E-6,0
SBIRS GEO-4 (USA 273),2017-004A,2024-09-23T13:53:50.347680,1.00271302,.0002074,1.4265,7.2390,192.2424,275.0897,0,U,41937,999,2827,0,-.155E-5,0
HISPASAT 36W-1,2017-006A,2024-09-23T10:45:18.107136,1.00271414,.0001013,0.0198,359.1891,181.3564,307.5721,0,U,41942,999,2788,0,-.256E-5,0
TELKOM 3S,2017-007A,2024-09-23T13:12:18.201888,1.00269309,.0002675,0.0158,173.1508,31.9255,113.8792,0,U,41944,999,2780,0,-.375E-5,0
INTELSAT 32E (IS-32E),2017-007B,2024-09-23T02:07:42.789216,1.00271678,.0000572,0.0192,153.6430,30.7844,166.7581,0,U,41945,999,2788,0,-.28E-5,0
ECHOSTAR 23,2017-014A,2024-09-23T00:06:21.259008,1.00270698,.0002085,0.0201,161.5843,21.5158,70.9282,0,U,42070,999,2758,0,-.68E-6,0
WGS F9 (USA 275),2017-016A,2024-09-23T13:28:05.330784,1.00269652,.000065,0.0341,340.6599,278.5236,293.7292,0,U,42075,999,2756,0,-.109E-5,0
SES-10,2017-017A,2024-09-23T00:18:36.891936,1.00271577,.0002636,0.0250,71.9523,122.2238,105.9389,0,U,42432,999,2740,0,-.284E-5,0
CHINASAT 16 (SJ-13),2017-018A,2024-09-23T06:38:42.621216,1.00270240,.0006898,0.0475,96.5529,126.1613,350.0923,0,U,42662,999,2739,0,-.364E-5,0
KOREASAT 7,2017-023A,2024-09-23T11:28:42.849408,1.00271840,.0001801,0.0390,43.9398,168.2046,78.7607,0,U,42691,999,2704,0,-.374E-5,0
SGDC,2017-023B,2024-09-23T04:49:13.224864,1.00271904,.0002618,0.0354,79.2574,123.3799,157.3615,0,U,42692,999,2707,0,-.261E-5,0
GSAT-9,2017-024A,2024-09-23T13:49:42.483360,1.00270228,.0002337,0.0238,232.5147,311.6324,123.5487,0,U,42695,999,2697,0,-.299E-5,0
INMARSAT 5-F4,2017-025A,2024-09-23T12:54:47.297952,1.00270493,.0000689,0.0195,157.6313,72.0775,23.3703,0,U,42698,999,2694,0,.63E-6,0
SES-15,2017-026A,2024-09-23T13:44:34.869984,1.00268547,.0000404,0.0394,10.5559,198.8585,230.4753,0,U,42709,999,110,0,.48E-6,0
QZS-2 (MICHIBIKI-2),2017-028A,2024-09-22T20:06:23.861952,1.00258754,.0748491,40.4234,252.3536,270.4598,281.3341,0,U,42738,999,128,0,-.168E-5,0
VIASAT-2,2017-029A,2024-09-23T05:13:42.583872,1.00271380,.0000318,0.0182,203.6756,55.3849,112.0337,0,U,42740,999,2685,0,-.276E-5,0
EUTELSAT 172B,2017-029B,2024-09-23T04:25:42.574656,1.00271896,.0000201,0.0103,185.9822,115.1189,299.8544,0,U,42741,999,2739,0,-.17E-6,0
GSAT-19,2017-031A,2024-09-21T23:56:42.648576,1.00271501,.0002541,0.0158,112.9628,10.7822,284.6812,0,U,42747,999,2678,0,.115E-5,0
ECHOSTAR 21,2017-032A,2024-09-23T14:24:29.433024,1.00273902,.0002613,2.3697,322.8489,235.7117,30.7653,0,U,42749,999,2677,0,.54E-6,0
BULGARIASAT-1,2017-038A,2024-09-23T05:48:12.816000,1.00271039,.0002657,0.0310,111.6712,71.3403,268.5332,0,U,42801,999,2649,0,0,0
HELLAS-SAT 3,2017-040A,2024-09-23T14:32:44.859264,1.00270931,.0001137,0.0740,32.1939,87.2368,140.6815,0,U,42814,999,2647,0,.14E-5,0
GSAT-17,2017-040B,2024-09-23T13:49:42.483360,1.00271533,.0005211,0.0149,118.3033,127.3670,58.1638,0,U,42815,999,2645,0,-.27E-5,0
INTELSAT 35E (IS-35E),2017-041A,2024-09-23T08:34:42.690720,1.00270265,.0001759,0.0195,111.9761,72.2419,272.6448,0,U,42818,999,2647,0,-.25E-5,0
COSMOS 2520,2017-046A,2024-09-23T06:20:42.783648,1.00274794,.0000116,0.0284,118.7037,106.2622,277.8364,0,U,42907,999,2606,0,.125E-5,0
TDRS 13,2017-047A,2024-09-23T14:18:21.616128,1.00271910,.0014866,3.5717,346.7786,129.8591,89.4705,0,U,42915,999,2601,0,-.11E-5,0
QZS-3 (MICHIBIKI-3),2017-048A,2024-09-23T11:48:42.815808,1.00268223,.0002381,0.0693,142.0451,42.0272,122.9445,0,U,42917,999,2592,0,-.36E-5,0
AMAZONAS 5,2017-053A,2024-09-22T22:37:16.656960,1.00271511,.0002689,0.0466,339.0240,252.4146,49.1633,0,U,42934,999,2570,0,-.293E-5,0
ASIASAT 9,2017-057A,2024-09-23T13:13:33.266208,1.00268423,.0002126,0.0059,189.4799,353.4434,140.4645,0,U,42942,999,2552,0,-.372E-5,0
INTELSAT 37E (IS-37E),2017-059A,2024-09-22T21:06:04.445568,1.00272084,.0002693,0.0191,152.8617,35.5749,112.3047,0,U,42950,999,2572,0,-.151E-5,0
BSAT-4A,2017-059B,2024-09-22T01:13:42.581856,1.00269635,.0000885,0.0513,41.5617,79.5467,8.5703,0,U,42951,999,2545,0,-.36E-5,0
QZS-4 (MICHIBIKI-4),2017-062A,2024-09-23T13:16:42.756096,1.00274486,.0751569,40.4678,351.5460,269.7073,80.9484,0,U,42965,999,2547,0,-.342E-5,0
SES-11 (ECHOSTAR 105),2017-063A,2024-09-23T15:13:01.424928,1.00271820,.0002928,0.0288,293.9973,269.2950,282.9918,0,U,42967,999,2539,0,-.101E-5,0
KOREASAT 5A,2017-067A,2024-09-23T13:10:55.631136,1.00271565,.0001477,0.0325,80.9788,126.5171,106.2809,0,U,42984,999,2519,0,-.371E-5,0
ALCOMSAT 1,2017-078A,2024-09-23T10:48:25.769664,1.00272346,.0002668,0.0356,252.2681,307.4995,300.3386,0,U,43039,999,2496,0,-.198E-5,0
SBIRS GEO-3 (USA 282),2018-009A,2024-09-23T12:38:42.719712,1.00272046,.000199,2.2600,339.7459,221.6990,191.6888,0,U,43162,999,2451,0,.117E-5,0
AL YAH 3,2018-012A,2024-09-23T09:06:55.992672,1.00271633,.0001901,0.0198,248.9541,314.4670,275.9120,0,U,43174,999,2451,0,-.167E-5,0
SES-14,2018-012B,2024-09-22T20:58:11.537760,1.00272109,.0001211,0.0090,230.1890,318.4984,80.5841,0,U,43175,999,68,0,-.289E-5,0
GOES 17,2018-022A,2024-09-23T01:50:49.154784,1.00272102,.0002564,0.0417,8.9984,209.0319,67.3962,0,U,43226,999,2408,0,-.102E-5,0
HISPASAT 30W-6,2018-023A,2024-09-23T09:33:42.680160,1.00271309,.0002557,0.0485,27.9966,143.8523,304.3386,0,U,43228,999,2408,0,-.228E-5,0
SUPERBIRD-B3,2018-033A,2024-09-23T14:00:14.515776,1.00272105,.0001376,0.0154,230.2254,348.7638,155.9933,0,U,43271,999,2372,0,-.104E-5,0
HYLAS 4,2018-033B,2024-09-23T03:32:42.575136,1.00271291,.0001343,0.0727,268.0272,299.5110,174.6506,0,U,43272,999,2373,0,-.245E-5,0
IRNSS-1I,2018-035A,2024-09-20T01:52:42.674880,1.00273826,.0020459,29.3283,84.1272,178.7210,179.8591,0,U,43286,999,2370,0,.95E-6,0
USA 283,2018-036A,2024-09-21T12:23:42.648576,1.00270479,.0000256,0.0165,198.3892,80.4194,42.0884,0,U,43339,999,104,0,-.326E-5,0
COSMOS 2526,2018-037A,2024-09-23T13:15:10.850688,1.00270918,.0000031,0.0271,123.6381,236.3514,329.7658,0,U,43432,999,2363,0,-.357E-5,0
APSTAR-6C,2018-041A,2024-09-23T13:16:55.940736,1.00272494,.0003318,0.0460,351.9154,273.9106,70.3062,0,U,43450,999,2347,0,-.33E-5,0
BANGABANDHUSAT-1,2018-044A,2024-09-23T13:41:42.824256,1.00271070,.0002522,0.0177,176.7153,26.9407,123.7812,0,U,43463,999,2337,0,-.375E-5,0
SES-12,2018-049A,2024-09-23T13:49:42.483360,1.00270752,.0002186,0.0185,74.2394,168.4437,62.6543,0,U,43488,999,2308,0,-.282E-5,0
FENGYUN 2H,2018-050A,2024-09-23T13:01:17.633280,1.00269821,.000169,1.3946,86.3636,122.7949,68.4648,0,U,43491,999,2310,0,-.142E-5,0
BEIDOU-2 IGSO-7,2018-057A,2024-09-22T12:12:38.332800,1.00282078,.0078364,55.1480,168.5420,233.4363,255.9833,0,U,43539,999,2279,0,-.14E-5,0
TELSTAR 19V,2018-059A,2024-09-23T12:20:30.526080,1.00269739,.0002754,0.0213,194.1803,324.5356,326.2638,0,U,43562,999,2281,0,-.292E-5,0
TELKOM 4 (MERAH PUTIH),2018-064A,2024-09-23T13:09:25.553088,1.00268499,.0001931,0.0160,170.4089,49.5306,88.3058,0,U,43587,999,2254,0,-.356E-5,0
TELSTAR 18V,2018-069A,2024-09-23T04:53:42.476640,1.00269828,.000213,0.0197,167.7800,18.9270,27.2576,0,U,43611,999,2227,0,-.305E-5,0
AZERSPACE 2 (IS-38),2018-074A,2024-09-23T12:51:32.128992,1.00270460,.0001528,0.0171,166.8560,32.5745,41.4305,0,U,43632,999,2211,0,.124E-5,0
HORIZONS-3E,2018-074B,2024-09-23T13:20:14.925984,1.00271587,.0000955,0.0187,259.3697,14.6492,97.9645,0,U,43633,999,2200,0,-.42E-6,0
AEHF-4 (USA 288),2018-079A,2024-09-23T12:19:22.968192,1.00274023,.0052178,1.6528,333.5474,9.9155,136.6853,0,U,43651,999,2196,0,-.286E-5,0
BEIDOU-3 G1,2018-085A,2024-09-23T13:18:41.030784,1.00270109,.0002239,2.4299,105.9601,36.3828,200.2525,0,U,43683,999,2172,0,-.29E-5,0
GSAT-29,2018-089A,2024-09-23T11:11:19.451904,1.00275735,.0002085,0.0297,245.6721,318.4292,21.6230,0,U,43698,999,2145,0,.72E-6,0
ES'HAIL 2,2018-090A,2024-09-23T14:28:52.159008,1.00272673,.0001166,0.0172,171.9584,36.6106,37.3599,0,U,43700,999,2134,0,.132E-5,0
GEO-KOMPSAT-2A,2018-100A,2024-09-23T13:14:55.836960,1.00273159,.0001526,0.0449,17.3326,112.3291,200.2311,0,U,43823,999,2129,0,-.356E-5,0
GSAT-11,2018-100B,2024-09-23T12:49:42.618720,1.00270882,.0005337,0.0411,249.4653,235.3410,144.4798,0,U,43824,999,2115,0,-.89E-6,0
GSAT-7A,2018-105A,2024-09-23T12:56:32.388000,1.00271336,.0001976,0.0490,274.6519,282.9595,62.1730,0,U,43864,999,2111,0,.14E-6,0
COSMOS 2533,2018-107A,2024-09-23T14:41:37.816800,1.00272445,.0000592,0.0194,108.3420,141.1016,43.9243,0,U,43867,999,2110,0,-.51E-6,0
TJS-3,2018-110A,2024-09-23T17:56:28.129056,1.00272322,.0004714,0.9052,87.8598,137.5445,219.7518,0,U,43874,999,2115,0,-.1E-6,0
ZHONGXING-2D,2019-001A,2024-09-23T13:15:48.381984,1.00273095,.0003381,0.0425,355.0913,259.2525,77.5031,0,U,43920,999,4774,0,-.349E-5,0
HELLAS-SAT 4 & SGS-1,2019-007A,2024-09-23T11:06:41.712192,1.00270471,.0006091,0.0652,128.0358,35.8790,44.5477,0,U,44034,999,2102,0,.14E-5,0
GSAT-31,2019-007B,2024-09-23T12:52:17.167584,1.00273730,.0005116,0.0141,233.9917,1.7760,8.0407,0,U,44035,999,2063,0,.113E-5,0
NUSANTARA SATU,2019-009A,2024-09-22T21:53:36.902688,1.00271623,.0004175,0.0265,136.2248,18.6689,321.7731,0,U,44048,999,2043,0,-.245E-5,0
ZHONGXING-6C,2019-012A,2024-09-23T13:15:55.890144,1.00270173,.0003594,0.0302,93.7301,340.6330,257.9337,0,U,44067,999,2040,0,-.348E-5,0
WGS 10 (USA 291),2019-014A,2024-09-23T14:38:52.675296,1.00270507,.0000577,0.0125,180.6289,56.6419,45.7171,0,U,44071,999,2029,0,.34E-6,0
TIANLIAN 2-01,2019-017A,2024-09-23T13:00:40.101120,1.00271300,.00016,0.0661,253.3639,312.5407,69.1917,0,U,44076,999,2031,0,-.119E-5,0
ARABSAT-6A,2019-021A,2024-09-23T02:29:28.652640,1.00265819,.0006915,0.0601,347.0149,252.4071,190.8985,0,U,44186,999,1981,0,.142E-5,0
BEIDOU-3 IGSO-1,2019-023A,2024-09-23T02:09:18.662976,1.00271741,.0024121,57.7920,44.2015,205.8638,264.2456,0,U,44204,999,87,0,-.215E-5,0
BEIDOU-2 G8,2019-027A,2024-09-23T13:24:42.435072,1.00266457,.000396,1.7170,74.3978,182.8090,91.2605,0,U,44231,999,1974,0,-.261E-5,0
YAMAL 601,2019-031A,2024-09-23T12:52:39.686880,1.00271050,.0002288,0.0183,169.7717,15.3447,59.9204,0,U,44307,999,1958,0,.108E-5,0
AT&T T-16,2019-034A,2024-09-23T13:52:42.789792,1.00269331,.00003,0.0150,240.5750,181.1386,48.5218,0,U,44333,999,1930,0,-.127E-5,0
EUTELSAT 7C,2019-034B,2024-09-23T09:28:42.701952,1.00270225,.0003096,0.0671,191.3771,341.1700,339.3586,0,U,44334,999,50,0,.36E-6,0
BEIDOU-3 IGSO-2,2019-035A,2024-09-23T11:50:35.145312,1.00266476,.0034757,55.1817,164.4086,202.6620,292.3005,0,U,44337,999,1933,0,-.15E-5,0
COSMOS 2539,2019-048A,2024-09-23T14:24:59.457888,1.00268572,.0000105,0.0140,143.4506,275.5283,172.2028,0,U,44457,999,1889,0,.68E-6,0
EDRS-C,2019-049A,2024-09-22T21:46:19.779168,1.00270566,.000085,0.0894,253.9355,275.2138,190.8633,0,U,44475,999,1887,0,.143E-5,0
INTELSAT 39 (IS-39),2019-049B,2024-09-23T14:39:15.194592,1.00270685,.0000222,0.0177,204.6171,343.9607,96.1278,0,U,44476,999,1880,0,.21E-6,0
AMOS-17,2019-050A,2024-09-23T14:26:22.028640,1.00272108,.0002142,0.0128,113.6176,84.9285,37.9695,0,U,44479,999,1885,0,.97E-6,0
AEHF-5 (USA 292),2019-051A,2024-09-23T13:03:55.269216,1.00428139,.0043449,2.5145,308.9169,10.4556,328.3155,0,U,44481,999,1892,0,-.266E-5,0
EUTELSAT 5 WEST B,2019-067A,2024-09-23T09:17:42.632736,1.00273167,.0003197,0.0660,344.9267,206.4866,305.7728,0,U,44624,999,1811,0,-.53E-6,0
MEV-1,2019-067B,2024-09-23T09:33:42.680160,1.00272718,.0001059,0.0175,121.6624,142.9833,214.0343,0,U,44625,999,1804,0,-.214E-5,0
TJS-4,2019-070A,2024-09-23T14:45:23.010624,1.00269041,.0004786,0.0416,104.3676,208.7217,354.6733,0,U,44637,999,1820,0,-.181E-5,0
BEIDOU-3 IGSO-3,2019-073A,2024-09-22T11:05:09.672000,1.00272911,.0041269,55.8857,287.6943,190.9485,168.9962,0,U,44709,999,1809,0,-.17E-5,0
TIBA-1,2019-080A,2024-09-23T07:39:42.735168,1.00270938,.0002543,0.0574,356.8993,202.0639,314.1065,0,U,44800,999,1772,0,.144E-5,0
INMARSAT GX5,2019-080B,2024-09-23T09:28:42.701952,1.00270659,.0002147,0.0165,7.5502,200.9765,307.3666,0,U,44801,999,47,0,.63E-6,0
JCSAT-18 (KACIFIC 1),2019-091A,2024-09-23T05:53:42.895104,1.00271918,.0000796,0.0457,348.3570,267.9110,344.7356,0,U,44868,999,1767,0,-.213E-5,0
ELEKTRO-L 3,2019-095A,2024-09-23T13:00:17.582688,1.00272551,.0001128,0.0782,303.9587,286.0858,43.8919,0,U,44903,999,1736,0,-.109E-5,0
SHIJIAN-20 (SJ-20),2019-097A,2024-09-23T16:41:42.686880,1.00277051,.0008298,3.2928,82.7581,115.9285,127.8087,0,U,44910,999,1736,0,-.81E-6,0
TJS-5,2020-002A,2024-09-23T13:09:18.048384,1.00271701,.0003842,0.0292,122.9007,75.0700,109.7354,0,U,44978,999,1736,0,-.355E-5,0
GSAT-30,2020-005A,2024-09-23T13:57:42.621120,1.00271330,.0001776,0.0217,128.8849,37.9319,128.5367,0,U,45026,999,1717,0,-.177E-5,0
EUTELSAT KONNECT,2020-005B,2024-09-23T14:23:36.888000,1.00269776,.0001266,0.0596,93.0010,133.6857,359.3658,0,U,45027,999,1799,0,.37E-6,0
JCSAT-17,2020-013A,2024-09-23T13:17:33.472896,1.00270874,.0004121,5.5413,350.7627,192.3326,155.1594,0,U,45245,999,1689,0,-.327E-5,0
GEO-KOMPSAT-2B,2020-013B,2024-09-23T11:48:42.815808,1.00273335,.0001702,0.0462,342.7300,249.0821,76.4605,0,U,45246,999,1691,0,-.356E-5,0
BEIDOU-3 G2,2020-017A,2024-09-23T14:14:57.783840,1.00272287,.0003675,2.4452,33.1319,187.4492,76.1180,0,U,45344,999,1692,0,-.153E-5,0
AEHF-6 (USA 298),2020-022B,2024-09-23T13:18:03.498624,1.00266945,.0043088,3.9964,298.2822,1.9152,39.8667,0,U,45465,999,1668,0,-.313E-5,0
BEIDOU-3 G3,2020-040A,2024-09-23T13:10:10.591680,1.00267065,.0002358,0.9599,52.0739,328.4840,290.3257,0,U,45807,999,1573,0,-.365E-5,0
APSTAR-6D,2020-045A,2024-09-23T08:56:34.704960,1.00269468,.0004578,0.0161,197.8714,15.8531,57.1301,0,U,45863,999,1552,0,-.33E-5,0
KOREASAT 116,2020-048A,2024-09-23T13:11:48.177024,1.00269825,.000126,0.0163,137.9454,73.2275,105.8730,0,U,45920,999,1530,0,-.374E-5,0
EXPRESS 103,2020-053A,2024-09-23T13:49:42.483360,1.00271020,.0000138,0.0133,229.1912,301.0872,136.5583,0,U,45985,999,1531,0,-.293E-5,0
EXPRESS 80,2020-053B,2024-09-22T18:31:33.682368,1.00272375,.0000383,0.0330,252.7407,200.2422,267.0325,0,U,45986,999,1529,0,-.147E-5,0
BSAT-4B,2020-056A,2024-09-23T13:10:03.085248,1.00270220,.0003879,0.0438,130.4660,37.3537,142.4150,0,U,46112,999,1505,0,-.362E-5,0
MEV-2,2020-056B,2024-09-23T13:13:17.264928,1.00271879,.0000956,0.0168,216.8905,21.9081,321.4092,0,U,46113,999,1586,0,-.23E-6,0
GALAXY 30 (G-30),2020-056C,2024-09-23T13:45:49.935168,1.00271375,.0002302,0.0201,156.4004,39.6638,248.2823,0,U,46114,999,1495,0,.25E-6,0
GAOFEN-13 01,2020-071A,2024-09-23T13:12:25.708320,1.00270253,.0015474,0.0994,288.2698,268.8014,121.9720,0,U,46610,999,1458,0,-.375E-5,0
TIANTONG-1 2,2020-082A,2024-09-23T13:14:18.304800,1.00268002,.0003636,2.1163,294.3091,308.2395,83.7810,0,U,46916,999,1432,0,-.369E-5,0
LUCAS (JDRS-1),2020-089A,2024-09-23T13:49:42.483360,1.00276119,.0002368,0.0265,73.3949,92.8302,134.9148,0,U,47202,999,1408,0,-.249E-5,0
SXM-7,2020-096A,2024-09-23T03:39:17.258112,1.00271878,.0004366,0.0096,149.6744,331.5950,210.8592,0,U,47240,999,111,0,-.216E-5,0
CMS-01,2020-099A,2024-09-23T13:57:42.621120,1.00270395,.0006975,0.0511,102.4083,156.3184,36.6104,0,U,47256,999,1386,0,-.177E-5,0
TURKSAT 5A,2021-001A,2024-09-23T14:29:52.209600,1.00270816,.0000188,0.0228,106.7540,157.9166,346.6587,0,U,47306,999,1363,0,.142E-5,0
TIANTONG-1 3,2021-003A,2024-09-23T13:01:55.164576,1.00269098,.0004762,2.6860,314.0918,257.7872,67.9462,0,U,47321,999,1362,0,-.166E-5,0
TJS-6,2021-010A,2024-09-23T13:32:42.624672,1.00272778,.0003936,0.2043,267.0379,312.8492,164.6672,0,U,47613,999,1347,0,.31E-6,0
SBIRS GEO-5 (USA 315),2021-042A,2024-09-23T07:47:42.614592,1.00272324,.0002137,5.9970,325.8635,234.3457,300.2673,0,U,48618,999,1242,0,.105E-5,0
FENGYUN 4B,2021-047A,2024-09-23T13:17:36.525408,1.00270339,.000482,0.2331,276.4595,153.5018,237.0668,0,U,48808,999,1224,0,-.343E-5,0
SXM-8,2021-049A,2024-09-20T09:09:04.955904,1.00270073,.0006347,0.0093,163.9154,232.9769,14.9680,0,U,48838,999,1222,0,-.213E-5,0
TIANLIAN 1-05,2021-063A,2024-09-23T14:26:22.028640,1.00272594,.0004138,0.0806,327.6049,238.2450,30.5118,0,U,49011,999,1174,0,.96E-6,0
STAR ONE D2,2021-069A,2024-09-23T00:17:44.346912,1.00270827,.0002606,0.0251,171.5484,3.8464,121.3067,0,U,49055,999,1159,0,-.275E-5,0
EUTELSAT QUANTUM,2021-069B,2024-09-23T12:52:17.167584,1.00274332,.0002299,0.0063,143.6682,61.0432,38.9391,0,U,49056,999,1159,0,.113E-5,0
ZHONGXING-2E,2021-071A,2024-09-23T13:48:57.482784,1.00273116,.0001514,0.0396,81.5892,177.2805,49.3202,0,U,49062,999,1170,0,-.304E-5,0
TJS-7,2021-077A,2024-09-23T13:53:05.309952,1.00270079,.000276,0.2797,271.1205,256.6834,303.8857,0,U,49115,999,323,0,-.136E-5,0
CHINASAT 9B,2021-080A,2024-09-23T13:07:32.955744,1.00269323,.0003775,0.0169,178.4671,22.9162,99.7764,0,U,49125,999,1131,0,-.325E-5,0
SHIJIAN-21 (SJ-21),2021-094A,2024-09-23T16:37:04.993824,1.00285105,.007764,9.9955,44.5221,36.2403,320.0184,0,U,49330,999,1092,0,-.231E-5,0
SES-17,2021-095A,2024-09-23T12:19:22.968192,1.00267361,.0001109,0.0154,147.1921,50.4477,282.9424,0,U,49332,999,1151,0,-.284E-5,0
SYRACUSE 4A,2021-095B,2024-09-23T04:16:41.690784,1.00270294,.000157,0.0164,181.5081,355.6291,295.0397,0,U,49333,999,1162,0,.124E-5,0
QZS-1R,2021-096A,2024-09-22T20:09:54.042912,1.00288525,.074391,36.1454,89.0456,269.8247,80.5556,0,U,49336,999,1066,0,-.258E-5,0
ZHONGXING-1D,2021-114A,2024-09-23T13:15:48.381984,1.00273777,.0001949,0.0464,358.8269,273.6877,59.4827,0,U,49505,999,1049,0,-.349E-5,0
STPSAT-6,2021-118A,2024-09-23T13:49:35.128992,1.00271627,.0001206,0.0198,158.9787,97.9054,201.7813,0,U,49817,999,1022,0,-.58E-6,0
LDPE-1,2021-118B,2024-09-23T13:53:42.842976,1.00519464,.0004511,2.6049,86.7174,151.3259,235.9453,0,U,49818,999,1030,0,-.182E-5,0
EXPRESS AMU-7,2021-123A,2024-09-22T14:12:13.591872,1.00270843,.0000269,0.0316,253.1262,214.1850,252.7031,0,U,50001,999,1020,0,-.253E-5,0
EXPRESS AMU-3,2021-123B,2024-09-22T17:00:13.183488,1.00269660,.0000267,0.0218,203.6720,221.1350,295.1957,0,U,50002,999,69,0,-.332E-5,0
TIANLIAN 2-02,2021-124A,2024-09-23T13:34:33.227040,1.00271253,.0002571,0.4217,273.2591,313.6659,150.5747,0,U,50005,999,1028,0,-.27E-6,0
TURKSAT 5B,2021-126A,2024-09-23T12:50:32.078400,1.00270930,.0002236,0.0686,346.4684,310.4765,300.5715,0,U,50212,999,996,0,.134E-5,0
INMARSAT 6-F1,2021-128A,2024-09-22T01:45:12.659616,1.00269838,.0000291,0.0140,188.2650,65.0632,218.1449,0,U,50319,999,989,0,-.181E-5,0
SHIYAN 12 01 (SY-12 01),2021-129A,2024-09-23T17:58:41.177280,1.00113560,.0001253,2.0353,89.1977,279.0322,72.9566,0,U,50321,999,1018,0,-.8E-6,0
SHIYAN 12 02 (SY-12 02),2021-129B,2024-09-23T16:49:42.820320,1.00061502,.0003378,2.0351,89.2195,152.6193,75.7373,0,U,50322,999,1017,0,.55E-6,0
TJS-9,2021-135A,2024-09-23T13:17:48.485760,1.00266850,.0000768,0.0498,287.6046,328.2968,83.5960,0,U,50574,999,1009,0,-.312E-5,0
USA 324,2022-006A,2024-09-01T07:23:36.538656,1.00091944,.0001485,1.5574,87.3122,63.8248,64.4114,0,U,51280,999,957,0,-.373E-5,0
USA 325,2022-006B,2024-09-16T03:06:42.657696,1.00115184,.0000566,0.5595,86.6072,166.9692,218.8866,0,U,51281,999,972,0,-.15E-6,0
GOES 18,2022-021A,2024-09-23T01:41:33.677952,1.00273870,.0000711,0.0210,0.2671,260.6002,349.9587,0,U,51850,999,25,0,.85E-6,0
ZHONGXING-6D,2022-038A,2024-09-22T15:31:42.924576,1.00273582,.0002285,0.0374,240.6977,341.2301,138.0660,0,U,52255,999,908,0,-.364E-5,0
NILESAT 301,2022-061A,2024-09-23T14:19:36.681312,1.00272077,.0001948,0.0590,1.3220,190.3368,19.1736,0,U,52817,999,840,0,-.7E-6,0
CMS-02 (GSAT 24),2022-067A,2024-09-23T13:57:42.621120,1.00272811,.0005532,0.0393,250.0635,224.5673,180.7219,0,U,52903,999,827,0,-.178E-5,0
MEASAT 3D,2022-067B,2024-09-23T13:49:42.483360,1.00271878,.0001458,0.0475,334.8321,273.6158,53.4178,0,U,52904,999,831,0,-.255E-5,0
SES-22,2022-071A,2024-09-23T11:29:45.860064,1.00271796,.0002305,0.0184,138.3194,89.0602,168.8661,0,U,52933,999,117,0,.93E-6,0
WFOV (USA 332),2022-073A,2024-09-23T13:12:40.722048,1.00273122,.0001816,2.0762,86.8115,52.8746,180.6601,0,U,52940,999,803,0,-.374E-5,0
TIANLIAN 2-03,2022-078A,2024-09-22T23:08:43.810944,1.00272699,.0001762,0.9806,278.5852,271.6747,169.7460,0,U,53100,999,821,0,.6E-6,0
SBIRS GEO-6 (USA 336),2022-092A,2024-09-23T13:18:18.513216,1.00270429,.0001772,4.4504,311.4348,244.0359,145.8429,0,U,53355,999,790,0,-.306E-5,0
EUTELSAT KONNECT VHTS,2022-110A,2024-09-23T05:40:42.678048,1.00270953,.0002821,0.0526,97.1377,78.3076,275.0243,0,U,53765,999,55,0,.6E-7,0
ZHONGXING-1E,2022-112A,2024-09-23T13:01:55.164576,1.00269229,.0002409,0.0324,50.0271,200.7367,28.9391,0,U,53813,999,751,0,-.161E-5,0
SES-20,2022-123A,2024-09-22T20:42:10.711008,1.00270575,.0001467,0.0097,165.7775,308.2729,95.6043,0,U,53960,999,720,0,-.112E-5,0
SES-21,2022-123B,2024-09-23T13:44:04.845120,1.00270978,.0001075,0.0176,85.4344,90.4452,262.0577,0,U,53961,999,88,0,.57E-6,0
GALAXY 33 (G-33),2022-128A,2024-09-23T13:43:34.817664,1.00271824,.0001873,0.0186,160.2314,30.4833,245.0730,0,U,54026,999,741,0,.67E-6,0
GALAXY 34 (G-34),2022-128B,2024-09-22T15:25:54.368832,1.00271778,.0001489,0.0136,136.5132,42.6406,285.3157,0,U,54027,999,757,0,.49E-6,0
ANGOSAT 2,2022-131A,2024-09-23T14:28:07.120416,1.00271114,.000032,0.0146,177.9621,249.4692,175.5379,0,U,54033,999,713,0,.123E-5,0
EUTELSAT HOTBIRD 13F,2022-134A,2024-09-23T14:25:14.471616,1.00272345,.0001892,0.0690,291.3092,62.6287,238.3119,0,U,54048,999,711,0,.75E-6,0
LDPE-2,2022-144A,2024-09-23T11:57:37.488384,0.99938491,.0002278,4.0498,64.9403,244.2026,125.0152,0,U,54219,999,548,0,-.35E-6,0
EUTELSAT HOTBIRD 13G,2022-146A,2024-09-23T02:24:28.392768,1.00270856,.0002075,0.0541,246.2365,300.0093,225.3140,0,U,54225,999,114,0,.76E-6,0
ZHONGXING-19,2022-148A,2024-09-23T14:00:14.515776,1.00271776,.0008656,0.0162,131.8315,100.9347,143.5970,0,U,54230,999,704,0,-.92E-6,0
GALAXY 31 (G-31),2022-153A,2024-09-23T13:46:57.493056,1.00272146,.0001596,0.0117,187.6239,19.1400,241.8850,0,U,54243,999,83,0,.1E-7,0
GALAXY 32 (G-32),2022-153B,2024-09-23T01:54:34.348608,1.00270852,.0000423,0.0133,254.3276,18.2651,27.4740,0,U,54244,999,680,0,-.185E-5,0
EUTELSAT 10B,2022-157A,2024-09-23T14:24:21.926592,1.00269582,.0000691,0.0546,94.4126,289.4947,205.0997,0,U,54259,999,669,0,.56E-6,0
GALAXY 35 (G-35),2022-170A,2024-09-23T13:54:57.907296,1.00271570,.0002063,0.0083,189.6520,2.8990,286.0079,0,U,54741,999,656,0,-.174E-5,0
GALAXY 36 (G-36),2022-170B,2024-09-23T03:38:17.205792,1.00271389,.0002115,0.0194,125.0841,20.7419,182.2389,0,U,54742,999,643,0,-.196E-5,0
METEOSAT-12 (MTG-I1),2022-170C,2024-09-23T07:29:35.964384,1.00269656,.0001954,0.5668,39.8682,110.7669,324.1376,0,U,54743,999,664,0,-.18E-6,0
SHIJIAN-23 (SJ-23),2023-002A,2024-09-23T16:41:42.686880,1.00477815,.0001143,2.0837,86.4294,153.8440,85.8993,0,U,55131,999,635,0,-.124E-5,0
USA 340,2022-144E,2024-09-16T22:01:42.590784,0.99551915,.0001934,4.0008,65.7300,103.3914,262.3274,0,U,55138,999,537,0,-.208E-5,0
APSTAR-6E,2023-005A,2024-09-22T21:50:06.720864,1.00273073,.0002697,0.0440,101.4702,338.3913,23.9627,0,U,55239,999,1252,0,-.328E-5,0
USA 342,2023-008A,2024-09-21T07:45:42.725952,1.00270604,.000025,0.0216,184.3520,79.5168,237.0390,0,U,55263,999,104,0,.129E-5,0
LDPE-3A,2023-008B,2024-09-23T13:00:10.075392,1.00558076,.0000617,0.5826,88.5181,167.1141,17.5469,0,U,55264,999,548,0,-.166E-5,0
ELEKTRO-L 4,2023-016A,2024-09-23T12:45:13.073184,1.00270633,.000247,0.0524,17.7233,219.1977,123.0651,0,U,55506,999,598,0,-.71E-6,0
AMAZONAS NEXUS,2023-017A,2024-09-22T10:38:42.758016,1.00268983,.0002317,0.0479,30.5069,114.4441,315.5044,0,U,55508,999,591,0,-.293E-5,0
ZHONGXING-26,2023-023A,2024-09-22T23:30:34.410816,1.00274635,.0001896,0.0712,80.2625,44.6448,355.1817,0,U,55686,999,589,0,-.365E-5,0
LUCH-5X (OLYMP-K 2),2023-031A,2024-09-23T16:04:12.084384,1.00272282,.0001005,0.0353,258.4235,330.7420,13.9787,0,U,55841,999,561,0,-.22E-6,0
GAOFEN-13 02,2023-036A,2024-09-23T13:04:51.195936,1.00266653,.0004822,1.8160,308.3863,300.7216,96.5456,0,U,55912,999,576,0,-.246E-5,0
SES-18,2023-038A,2024-09-23T02:08:17.178144,1.00272065,.0002518,0.0327,257.5853,333.1637,60.6621,0,U,55970,999,576,0,-.112E-5,0
SES-19,2023-038B,2024-09-23T13:42:57.286368,1.00272715,.0001591,0.0305,279.0835,276.2540,238.3979,0,U,55971,999,573,0,.76E-6,0
INTELSAT 40E (IS-40E),2023-052A,2024-09-23T01:54:34.348608,1.00271114,.00027,0.0097,202.4761,353.4649,104.1271,0,U,56174,999,548,0,-.185E-5,0
VIASAT-3,2023-060A,2024-09-22T21:33:42.673248,1.00270183,.0000084,0.0246,195.3625,253.4635,147.8768,0,U,56370,999,510,0,-.196E-5,0
ARCTURUS,2023-060B,2024-09-23T13:00:55.113984,1.00271520,.0000745,1.1347,87.5826,181.0886,7.4681,0,U,56371,999,512,0,-.129E-5,0
GS-1,2023-060C,2024-09-23T04:15:42.555168,1.00244459,.0002615,1.0862,86.8828,263.6211,159.5499,0,U,56372,999,120,0,-.176E-5,0
BEIDOU-3 G4,2023-066A,2024-09-23T12:12:42.735744,1.00270078,.0005771,1.8823,288.5292,237.6203,179.7852,0,U,56564,999,506,0,-.126E-5,0
ARABSAT-7B (BADR-8),2023-075A,2024-09-23T07:47:42.614592,1.00271900,.0001587,0.0745,21.0104,337.0053,147.5779,0,U,56757,999,480,0,.133E-5,0
IRNSS-1J (NVS-01),2023-076A,2024-09-23T13:15:40.876416,1.00265909,.0006015,3.7498,263.9803,347.4476,79.8372,0,U,56759,999,478,0,-.352E-5,0
NUSANTARA TIGA (SATRIA),2023-086A,2024-09-23T08:11:23.123040,1.00268281,.0002795,0.0424,6.5579,280.0360,344.9329,0,U,57045,999,342,0,-.247E-5,0
H2SAT (HEINRICH HERTZ),2023-093A,2024-09-23T07:29:50.977248,1.00270145,.0000824,0.0185,152.8654,90.5658,232.1695,0,U,57213,999,458,0,-.11E-6,0
SYRACUSE 4B,2023-093B,2024-09-23T13:20:40.959168,1.00272045,.0000467,0.0173,183.1151,76.3419,297.0284,0,U,57214,999,62,0,-.66E-6,0
JUPITER 3 (ECHOSTAR 24),2023-108A,2024-09-19T06:26:09.340224,1.00271847,.0001421,0.0133,135.9263,37.7192,186.3692,0,U,57479,999,427,0,-.158E-5,0
GALAXY 37 (G-37),2023-112A,2024-09-23T13:45:12.402144,1.00273057,.0002259,0.0182,275.8687,286.6062,239.7336,0,U,57493,999,420,0,.36E-6,0
LUDI TANCE-4 01A,2023-120A,2024-09-23T10:07:51.035808,1.00276037,.0001718,15.6493,209.4099,358.7064,36.1662,0,U,57624,999,421,0,-.201E-5,0
TJS-10,2023-169A,2024-09-23T16:57:33.486048,1.00272601,.0004585,0.9045,87.8413,135.7845,206.7026,0,U,58204,999,334,0,-.11E-6,0
ZHONGXING-6E,2023-172A,2024-09-23T13:11:40.668864,1.00272656,.000246,0.0266,255.1634,290.3007,130.8697,0,U,58253,999,332,0,-.374E-5,0
YAOGAN-41,2023-197A,2024-09-23T13:03:27.326592,1.00267848,.001599,4.3943,307.8577,193.9626,180.0701,0,U,58582,999,299,0,-.375E-5,0
OVZON-3,2024-003A,2024-09-23T12:55:39.842112,1.00272875,.0002121,0.0091,192.3109,33.8257,30.3446,0,U,58698,999,110,0,.39E-6,0
INSAT-3DS,2024-033A,2024-09-23T13:02:02.671872,1.00271460,.0001691,0.0296,263.4119,294.8241,82.2413,0,U,58990,999,4073,0,-.169E-5,0
MERAH PUTIH 2,2024-035A,2024-09-23T13:10:55.631136,1.00269509,.0002328,0.0161,175.2407,33.1338,105.1900,0,U,58995,999,225,0,-.37E-5,0
TJS-11,2024-037A,2024-09-23T17:44:12.624000,1.00278420,.0005305,5.1631,321.7055,255.3572,172.1830,0,U,59020,999,227,0,-.38E-5,0
HULIANWAN GAOGUI-01 (HG-01),2024-040A,2024-09-23T07:39:42.735168,1.00271253,.0005914,0.0445,8.9795,324.7175,177.5841,0,U,59069,999,99,0,.144E-5,0
EUTELSAT 36D,2024-059A,2024-09-23T16:14:12.600672,1.00270861,.0000498,0.0043,241.0769,318.8257,82.5011,0,U,59346,999,180,0,.143E-5,0
PAKSAT-MM1,2024-104A,2024-09-23T07:39:42.735168,1.00271001,.0001658,0.0120,175.1527,133.0508,207.5420,0,U,59915,999,126,0,.142E-5,0
GOES 19,2024-119A,2024-09-23T13:55:57.957888,1.00271271,.0001379,0.0415,359.7468,103.1476,19.5313,0,U,60133,999,63,0,-.195E-5,0
ZHONGXING-3A,2024-122A,2024-09-23T13:08:25.827360,1.00268943,.0002512,0.0182,129.8491,83.1166,88.5885,0,U,60179,999,97,0,-.326E-5,0
TURKSAT 6A,2024-127A,2024-09-22T20:30:49.156704,1.00266313,.0004052,0.0568,282.4206,314.3568,123.1948,0,U,60233,999,68,0,.104E-5,0
HULIANWAN GAOGUI-02 (HG-02),2024-135A,2024-09-23T11:39:20.897856,1.00273530,.00022,0.0554,312.9955,277.5173,100.2168,0,U,60327,999,116,0,-.185E-5,0
